"Customer_ID","Customer_Name","Age","Age_Group","Gender","City"
"CUST5529","Customer_227",30.0,"26-35","Female","Bengaluru"
"CUST3127","Customer_182",63.0,"56+","Male","Bengaluru"
"CUST8887","Customer_487",62.0,"56+","Female","Bengaluru"
"CUST2515","Customer_470",65.0,"56+","Female","Kolkata"
"CUST4796","Customer_380",44.0,"36-45","Male","Bengaluru"
"CUST3952","Customer_71",40.0,"36-45","Female","Hyderabad"
"CUST1758","Customer_335",61.0,"56+","Male","Patna"
"CUST9622","Customer_224",35.0,"26-35","Male","Kolkata"
"CUST9770","Customer_494",41.0,"36-45","Female","Mumbai"
"CUST1312","Customer_40",30.0,"26-35","Male","Kolkata"
"CUST9642","Customer_162",51.0,"46-55","Male","Delhi"
"CUST3228","Customer_209",55.0,"46-55","Female","Patna"
"CUST1038","Customer_454",32.0,"26-35","Male","Patna"
"CUST6413","Customer_490",50.0,"46-55","Female","Patna"
"CUST8660","Customer_213",42.0,"36-45","Female","Patna"
"CUST9307","Customer_313",36.0,"36-45","Female","Delhi"
"CUST4363","Customer_161",30.0,"26-35","Female","Delhi"
"CUST3508","Customer_67",31.0,"26-35","Male","Gaya"
"CUST5806","Customer_103",57.0,"56+","Female","Mumbai"
"CUST6504","Customer_357",34.0,"26-35","Male","Kolkata"
"CUST8908","Customer_190",65.0,"56+","Male","Pune"
"CUST2903","Customer_122",31.0,"26-35","Female","Mumbai"
"CUST1406","Customer_499",52.0,"46-55","Male","Gaya"
"CUST8036","Customer_173",44.0,"36-45","Male","Patna"
"CUST6532","Customer_348",30.0,"26-35","Male","Pune"
"CUST2482","Customer_183",65.0,"56+","Male","Mumbai"
"CUST2003","Customer_48",35.0,"26-35","Female","Mumbai"
"CUST6149","Customer_181",32.0,"26-35","Female","Patna"
"CUST3688","Customer_205",38.0,"36-45","Female","Bengaluru"
"CUST3212","Customer_415",33.0,"26-35","Male","Gaya"
"CUST5063","Customer_50",33.0,"26-35","Female","Mumbai"
"CUST9565","Customer_350",21.0,"18-25","Female","Mumbai"
"CUST9325","Customer_352",44.0,"36-45","Female","Mumbai"
"CUST4002","Customer_388",18.0,"18-25","Female","Gaya"
"CUST8975","Customer_315",36.0,"36-45","Female","Gaya"
"CUST2669","Customer_151",46.0,"46-55","Male","Bengaluru"
"CUST5869","Customer_415",23.0,"18-25","Male","Delhi"
"CUST7249","Customer_144",29.0,"26-35","Male","Kolkata"
"CUST7465","Customer_345",58.0,"56+","Female","Bengaluru"
"CUST7988","Customer_383",39.0,"36-45","Female","Mumbai"
"CUST9953","Customer_484",50.0,"46-55","Female","Hyderabad"
"CUST6938","Customer_344",43.0,"36-45","Female","Kolkata"
"CUST3006","Customer_256",58.0,"56+","Male","Patna"
"CUST5151","Customer_409",55.0,"46-55","Female","Bengaluru"
"CUST5903","Customer_396",27.0,"26-35","Female","Hyderabad"
"CUST4943","Customer_198",34.0,"26-35","Male","Mumbai"
"CUST4750","Customer_78",42.0,"36-45","Female","Delhi"
"CUST2705","Customer_117",55.0,"46-55","Male","Kolkata"
"CUST5523","Customer_432",41.0,"36-45","Male","Pune"
"CUST1557","Customer_87",39.0,"36-45","Female","Mumbai"
"CUST2062","Customer_254",58.0,"56+","Male","Patna"
"CUST9203","Customer_70",33.0,"26-35","Male","Delhi"
"CUST8053","Customer_408",58.0,"56+","Male","Delhi"
"CUST1017","Customer_387",42.0,"36-45","Female","Pune"
"CUST2690","Customer_11",26.0,"26-35","Male","Delhi"
"CUST2791","Customer_20",58.0,"56+","Female","Bengaluru"
"CUST4496","Customer_53",18.0,"18-25","Female","Bengaluru"
"CUST8811","Customer_115",50.0,"46-55","Female","Bengaluru"
"CUST2411","Customer_292",47.0,"46-55","Female","Mumbai"
"CUST2350","Customer_205",46.0,"46-55","Male","Pune"
"CUST9745","Customer_48",27.0,"26-35","Male","Mumbai"
"CUST6236","Customer_312",43.0,"36-45","Female","Kolkata"
"CUST1887","Customer_209",21.0,"18-25","Male","Hyderabad"
"CUST5386","Customer_125",47.0,"46-55","Male","Gaya"
"CUST8065","Customer_92",53.0,"46-55","Male","Kolkata"
"CUST8841","Customer_407",36.0,"36-45","Female","Patna"
"CUST5871","Customer_335",39.0,"36-45","Female","Delhi"
"CUST9869","Customer_394",40.0,"36-45","Female","Hyderabad"
"CUST9017","Customer_51",26.0,"26-35","Female","Delhi"
"CUST1808","Customer_150",56.0,"56+","Male","Patna"
"CUST2565","Customer_360",52.0,"46-55","Female","Hyderabad"
"CUST4958","Customer_160",45.0,"36-45","Male","Gaya"
"CUST7587","Customer_223",27.0,"26-35","Male","Pune"
"CUST2157","Customer_31",58.0,"56+","Male","Unknown"
"CUST8430","Customer_277",45.0,"36-45","Male","Gaya"
"CUST1956","Customer_317",22.0,"18-25","Female","Bengaluru"
"CUST9846","Customer_298",58.0,"56+","Female","Patna"
"CUST4706","Customer_34",62.0,"56+","Female","Delhi"
"CUST5607","Customer_265",61.0,"56+","Female","Gaya"
"CUST8211","Customer_62",19.0,"18-25","Female","Gaya"
"CUST5367","Customer_499",25.0,"18-25","Female","Hyderabad"
"CUST8346","Customer_384",30.0,"26-35","Male","Hyderabad"
"CUST7484","Customer_478",36.0,"36-45","Male","Gaya"
"CUST7911","Customer_7",59.0,"56+","Male","Delhi"
"CUST4229","Customer_234",51.0,"46-55","Male","Hyderabad"
"CUST2290","Customer_195",56.0,"56+","Male","Mumbai"
"CUST1246","Customer_165",59.0,"56+","Female","Kolkata"
"CUST3689","Customer_179",44.0,"36-45","Female","Delhi"
"CUST7476","Customer_45",21.0,"18-25","Female","Hyderabad"
"CUST7037","Customer_45",34.0,"26-35","Male","Mumbai"
"CUST8578","Customer_154",48.0,"46-55","Male","Kolkata"
"CUST6618","Customer_311",19.0,"18-25","Male","Pune"
"CUST4650","Customer_370",32.0,"26-35","Male","Delhi"
"CUST5091","Customer_375",47.0,"46-55","Male","Bengaluru"
"CUST2190","Customer_318",38.0,"36-45","Male","Hyderabad"
"CUST7277","Customer_320",62.0,"56+","Female","Mumbai"
"CUST8623","Customer_84",32.0,"26-35","Male","Hyderabad"
"CUST5232","Customer_395",54.0,"46-55","Male","Gaya"
"CUST7462","Customer_379",41.0,"36-45","Male","Patna"
"CUST7588","Customer_67",47.0,"46-55","Male","Pune"
"CUST5005","Customer_176",20.0,"18-25","Female","Kolkata"
"CUST3210","Customer_15",43.0,"36-45","Female","Mumbai"
"CUST5926","Customer_308",54.0,"46-55","Male","Gaya"
"CUST3809","Customer_394",44.0,"36-45","Female","Gaya"
"CUST2079","Customer_35",44.0,"36-45","Male","Mumbai"
"CUST4881","Customer_389",32.0,"26-35","Male","Patna"
"CUST6707","Customer_420",33.0,"26-35","Male","Pune"
"CUST2796","Customer_471",29.0,"26-35","Male","Patna"
"CUST5524","Customer_154",44.0,"36-45","Male","Hyderabad"
"CUST9882","Customer_103",28.0,"26-35","Female","Kolkata"
"CUST3001","Customer_341",32.0,"26-35","Male","Gaya"
"CUST5433","Customer_355",49.0,"46-55","Male","Delhi"
"CUST3794","Customer_315",35.0,"26-35","Female","Hyderabad"
"CUST2345","Customer_302",48.0,"46-55","Male","Bengaluru"
"CUST8316","Customer_121",63.0,"56+","Female","Hyderabad"
"CUST9354","Customer_241",46.0,"46-55","Female","Patna"
"CUST2871","Customer_8",33.0,"26-35","Female","Delhi"
"CUST7341","Customer_457",49.0,"46-55","Female","Hyderabad"
"CUST9563","Customer_166",24.0,"18-25","Male","Gaya"
"CUST2286","Customer_298",39.0,"36-45","Female","Patna"
"CUST2423","Customer_376",23.0,"18-25","Male","Hyderabad"
"CUST2378","Customer_95",53.0,"46-55","Male","Hyderabad"
"CUST6995","Customer_374",33.0,"26-35","Male","Hyderabad"
"CUST3677","Customer_459",34.0,"26-35","Female","Patna"
"CUST6627","Customer_353",57.0,"56+","Male","Patna"
"CUST6238","Customer_258",55.0,"46-55","Male","Gaya"
"CUST8352","Customer_400",44.0,"36-45","Male","Gaya"
"CUST2870","Customer_495",33.0,"26-35","Male","Patna"
"CUST4751","Customer_260",20.0,"18-25","Male","Patna"
"CUST7031","Customer_224",37.0,"36-45","Female","Gaya"
"CUST8366","Customer_355",65.0,"56+","Female","Bengaluru"
"CUST2863","Customer_375",34.0,"26-35","Female","Patna"
"CUST8298","Customer_489",45.0,"36-45","Female","Delhi"
"CUST9577","Customer_302",46.0,"46-55","Male","Mumbai"
"CUST3054","Customer_96",28.0,"26-35","Female","Mumbai"
"CUST6791","Customer_430",22.0,"18-25","Female","Pune"
"CUST7062","Customer_92",52.0,"46-55","Male","Bengaluru"
"CUST6625","Customer_121",18.0,"18-25","Male","Hyderabad"
"CUST4824","Customer_98",24.0,"18-25","Male","Gaya"
"CUST1339","Customer_107",54.0,"46-55","Male","Kolkata"
"CUST1113","Customer_104",33.0,"26-35","Female","Gaya"
"CUST4034","Customer_271",32.0,"26-35","Female","Kolkata"
"CUST6997","Customer_244",28.0,"26-35","Male","Gaya"
"CUST2480","Customer_491",59.0,"56+","Female","Gaya"
"CUST9450","Customer_230",18.0,"18-25","Male","Bengaluru"
"CUST8408","Customer_249",51.0,"46-55","Female","Delhi"
"CUST7178","Customer_478",64.0,"56+","Male","Bengaluru"
"CUST4132","Customer_47",41.0,"36-45","Female","Unknown"
"CUST4829","Customer_202",19.0,"18-25","Female","Mumbai"
"CUST5188","Customer_286",53.0,"46-55","Male","Gaya"
"CUST1928","Customer_17",30.0,"26-35","Female","Mumbai"
"CUST3887","Customer_371",56.0,"56+","Female","Mumbai"
"CUST5211","Customer_215",53.0,"46-55","Female","Patna"
"CUST2236","Customer_173",64.0,"56+","Male","Pune"
"CUST5375","Customer_265",60.0,"56+","Male","Bengaluru"
"CUST4137","Customer_221",36.0,"36-45","Male","Gaya"
"CUST5113","Customer_271",30.0,"26-35","Female","Kolkata"
"CUST7263","Customer_120",55.0,"46-55","Male","Hyderabad"
"CUST2562","Customer_280",65.0,"56+","Male","Bengaluru"
"CUST9297","Customer_488",27.0,"26-35","Female","Kolkata"
"CUST2295","Customer_319",57.0,"56+","Male","Mumbai"
"CUST3839","Customer_274",61.0,"56+","Male","Bengaluru"
"CUST8010","Customer_187",41.0,"36-45","Female","Hyderabad"
"CUST9008","Customer_279",54.0,"46-55","Female","Hyderabad"
"CUST3714","Customer_295",37.0,"36-45","Female","Patna"
"CUST5036","Customer_468",32.0,"26-35","Male","Patna"
"CUST1479","Customer_375",35.0,"26-35","Female","Bengaluru"
"CUST9875","Customer_6",49.0,"46-55","Male","Bengaluru"
"CUST3522","Customer_67",24.0,"18-25","Male","Bengaluru"
"CUST4062","Customer_23",56.0,"56+","Female","Mumbai"
"CUST4009","Customer_273",18.0,"18-25","Male","Hyderabad"
"CUST4685","Customer_22",35.0,"26-35","Male","Gaya"
"CUST3564","Customer_267",41.0,"36-45","Male","Patna"
"CUST8722","Customer_475",21.0,"18-25","Male","Mumbai"
"CUST3602","Customer_295",54.0,"46-55","Male","Pune"
"CUST9812","Customer_333",20.0,"18-25","Female","Pune"
"CUST4747","Customer_193",44.0,"36-45","Male","Gaya"
"CUST1766","Customer_319",27.0,"26-35","Male","Kolkata"
"CUST3366","Customer_363",55.0,"46-55","Male","Delhi"
"CUST1215","Customer_19",35.0,"26-35","Male","Gaya"
"CUST5988","Customer_266",43.0,"36-45","Male","Kolkata"
"CUST3662","Customer_223",34.0,"26-35","Female","Hyderabad"
"CUST3397","Customer_101",44.0,"36-45","Male","Gaya"
"CUST4777","Customer_233",60.0,"56+","Female","Gaya"
"CUST9059","Customer_288",33.0,"26-35","Male","Delhi"
"CUST5600","Customer_176",27.0,"26-35","Male","Bengaluru"
"CUST7574","Customer_66",43.0,"36-45","Female","Delhi"
"CUST1436","Customer_144",60.0,"56+","Female","Delhi"
"CUST3625","Customer_382",55.0,"46-55","Female","Kolkata"
"CUST5168","Customer_295",25.0,"18-25","Male","Hyderabad"
"CUST6821","Customer_73",24.0,"18-25","Male","Pune"
"CUST6228","Customer_466",41.0,"36-45","Female","Pune"
"CUST3002","Customer_57",61.0,"56+","Male","Mumbai"
"CUST3685","Customer_94",23.0,"18-25","Female","Delhi"
"CUST3417","Customer_102",36.0,"36-45","Male","Patna"
"CUST7187","Customer_149",38.0,"36-45","Male","Patna"
"CUST2953","Customer_435",41.0,"36-45","Female","Kolkata"
"CUST2779","Customer_336",44.0,"36-45","Female","Patna"
"CUST6564","Customer_216",59.0,"56+","Female","Patna"
"CUST4996","Customer_449",61.0,"56+","Female","Hyderabad"
"CUST2428","Customer_127",52.0,"46-55","Female","Mumbai"
"CUST2448","Customer_444",59.0,"56+","Female","Kolkata"
"CUST1049","Customer_243",55.0,"46-55","Female","Hyderabad"
"CUST9728","Customer_338",45.0,"36-45","Male","Gaya"
"CUST6932","Customer_304",31.0,"26-35","Male","Kolkata"
"CUST9159","Customer_12",40.0,"36-45","Female","Kolkata"
"CUST6518","Customer_410",44.0,"36-45","Female","Hyderabad"
"CUST4756","Customer_15",55.0,"46-55","Female","Bengaluru"
"CUST7659","Customer_445",20.0,"18-25","Male","Patna"
"CUST6727","Customer_452",34.0,"26-35","Female","Mumbai"
"CUST8049","Customer_384",37.0,"36-45","Female","Delhi"
"CUST4705","Customer_53",43.0,"36-45","Female","Hyderabad"
"CUST5355","Customer_108",23.0,"18-25","Male","Delhi"
"CUST3186","Customer_412",60.0,"56+","Female","Delhi"
"CUST1822","Customer_174",39.0,"36-45","Male","Kolkata"
"CUST9645","Customer_341",25.0,"18-25","Female","Hyderabad"
"CUST2997","Customer_181",23.0,"18-25","Female","Hyderabad"
"CUST2088","Customer_382",65.0,"56+","Female","Hyderabad"
"CUST1711","Customer_36",20.0,"18-25","Female","Bengaluru"
"CUST9840","Customer_347",38.0,"36-45","Female","Bengaluru"
"CUST7613","Customer_432",22.0,"18-25","Male","Mumbai"
"CUST1443","Customer_315",37.0,"36-45","Female","Unknown"
"CUST9319","Customer_434",54.0,"46-55","Female","Pune"
"CUST6773","Customer_200",22.0,"18-25","Male","Hyderabad"
"CUST5214","Customer_142",63.0,"56+","Female","Patna"
"CUST3618","Customer_131",28.0,"26-35","Male","Pune"
"CUST3668","Customer_415",63.0,"56+","Male","Patna"
"CUST7315","Customer_283",45.0,"36-45","Female","Mumbai"
"CUST9158","Customer_297",61.0,"56+","Male","Gaya"
"CUST6522","Customer_468",61.0,"56+","Male","Mumbai"
"CUST3760","Customer_360",63.0,"56+","Female","Bengaluru"
"CUST5079","Customer_348",41.0,"36-45","Female","Bengaluru"
"CUST6082","Customer_301",62.0,"56+","Male","Mumbai"
"CUST8311","Customer_225",32.0,"26-35","Male","Bengaluru"
"CUST5945","Customer_49",40.0,"36-45","Female","Kolkata"
"CUST9191","Customer_323",38.0,"36-45","Male","Hyderabad"
"CUST1197","Customer_419",36.0,"36-45","Male","Pune"
"CUST6111","Customer_204",34.0,"26-35","Female","Hyderabad"
"CUST1367","Customer_48",21.0,"18-25","Female","Bengaluru"
"CUST6584","Customer_449",21.0,"18-25","Male","Mumbai"
"CUST2862","Customer_122",25.0,"18-25","Male","Bengaluru"
"CUST4094","Customer_382",51.0,"46-55","Male","Hyderabad"
"CUST5129","Customer_404",54.0,"46-55","Male","Bengaluru"
"CUST4629","Customer_167",40.0,"36-45","Female","Patna"
"CUST5454","Customer_368",19.0,"18-25","Female","Hyderabad"
"CUST3169","Customer_138",41.0,"36-45","Female","Delhi"
"CUST9047","Customer_363",42.0,"36-45","Male","Patna"
"CUST9097","Customer_384",26.0,"26-35","Male","Hyderabad"
"CUST2006","Customer_131",50.0,"46-55","Male","Kolkata"
"CUST5418","Customer_491",41.0,"36-45","Female","Kolkata"
"CUST8067","Customer_283",47.0,"46-55","Female","Patna"
"CUST3080","Customer_378",41.0,"36-45","Female","Pune"
"CUST6728","Customer_413",64.0,"56+","Male","Bengaluru"
"CUST7801","Customer_150",41.0,"36-45","Male","Pune"
"CUST4686","Customer_473",27.0,"26-35","Male","Pune"
"CUST6345","Customer_420",32.0,"26-35","Male","Hyderabad"
"CUST6927","Customer_165",23.0,"18-25","Male","Gaya"
"CUST8686","Customer_404",56.0,"56+","Female","Patna"
"CUST6585","Customer_214",21.0,"18-25","Male","Hyderabad"
"CUST7176","Customer_434",33.0,"26-35","Male","Bengaluru"
"CUST9233","Customer_485",35.0,"26-35","Male","Hyderabad"
"CUST7501","Customer_2",40.0,"36-45","Female","Gaya"
"CUST7082","Customer_492",21.0,"18-25","Female","Bengaluru"
"CUST2463","Customer_390",25.0,"18-25","Male","Bengaluru"
"CUST1662","Customer_365",31.0,"26-35","Female","Pune"
"CUST7413","Customer_4",54.0,"46-55","Male","Kolkata"
"CUST1994","Customer_390",48.0,"46-55","Male","Pune"
"CUST6173","Customer_51",22.0,"18-25","Male","Pune"
"CUST7374","Customer_375",62.0,"56+","Female","Patna"
"CUST4737","Customer_367",22.0,"18-25","Female","Patna"
"CUST6444","Customer_251",23.0,"18-25","Female","Mumbai"
"CUST2152","Customer_99",63.0,"56+","Female","Bengaluru"
"CUST1636","Customer_243",63.0,"56+","Female","Patna"
"CUST3341","Customer_263",54.0,"46-55","Male","Gaya"
"CUST1463","Customer_397",21.0,"18-25","Female","Bengaluru"
"CUST3877","Customer_133",18.0,"18-25","Male","Delhi"
"CUST6407","Customer_157",26.0,"26-35","Female","Delhi"
"CUST4381","Customer_324",39.0,"36-45","Female","Kolkata"
"CUST5097","Customer_302",65.0,"56+","Female","Mumbai"
"CUST9910","Customer_110",18.0,"18-25","Male","Hyderabad"
"CUST7806","Customer_4",64.0,"56+","Female","Hyderabad"
"CUST8105","Customer_385",52.0,"46-55","Male","Delhi"
"CUST6002","Customer_83",46.0,"46-55","Male","Delhi"
"CUST1334","Customer_364",31.0,"26-35","Male","Kolkata"
"CUST9248","Customer_451",51.0,"46-55","Male","Mumbai"
"CUST7152","Customer_423",22.0,"18-25","Female","Patna"
"CUST8650","Customer_384",23.0,"18-25","Male","Gaya"
"CUST9284","Customer_212",44.0,"36-45","Female","Kolkata"
"CUST4169","Customer_307",41.0,"36-45","Female","Hyderabad"
"CUST3464","Customer_1",18.0,"18-25","Female","Bengaluru"
"CUST8294","Customer_103",30.0,"26-35","Female","Hyderabad"
"CUST4845","Customer_401",18.0,"18-25","Male","Mumbai"
"CUST6538","Customer_365",37.0,"36-45","Female","Pune"
"CUST6028","Customer_58",39.0,"36-45","Male","Delhi"
"CUST7944","Customer_282",41.0,"36-45","Male","Unknown"
"CUST5406","Customer_164",30.0,"26-35","Male","Kolkata"
"CUST9552","Customer_340",30.0,"26-35","Male","Patna"
"CUST3059","Customer_104",36.0,"36-45","Male","Patna"
"CUST1183","Customer_189",20.0,"18-25","Female","Gaya"
"CUST1088","Customer_1",40.0,"36-45","Male","Patna"
"CUST8195","Customer_388",52.0,"46-55","Female","Patna"
"CUST1231","Customer_339",53.0,"46-55","Male","Patna"
"CUST6206","Customer_18",50.0,"46-55","Male","Kolkata"
"CUST7625","Customer_251",50.0,"46-55","Female","Patna"
"CUST1762","Customer_141",27.0,"26-35","Male","Delhi"
"CUST1743","Customer_222",56.0,"56+","Male","Hyderabad"
"CUST9788","Customer_229",64.0,"56+","Male","Hyderabad"
"CUST2687","Customer_190",64.0,"56+","Female","Hyderabad"
"CUST3094","Customer_47",49.0,"46-55","Female","Bengaluru"
"CUST7059","Customer_224",51.0,"46-55","Female","Delhi"
"CUST8229","Customer_161",32.0,"26-35","Male","Pune"
"CUST2457","Customer_462",51.0,"46-55","Male","Kolkata"
"CUST5057","Customer_158",52.0,"46-55","Female","Patna"
"CUST1516","Customer_148",52.0,"46-55","Male","Mumbai"
"CUST4527","Customer_359",54.0,"46-55","Male","Mumbai"
"CUST2650","Customer_276",56.0,"56+","Female","Kolkata"
"CUST1932","Customer_369",35.0,"26-35","Male","Delhi"
"CUST2094","Customer_165",54.0,"46-55","Female","Hyderabad"
"CUST7196","Customer_286",40.0,"36-45","Male","Delhi"
"CUST2537","Customer_32",30.0,"26-35","Female","Bengaluru"
"CUST9627","Customer_444",47.0,"46-55","Male","Gaya"
"CUST3044","Customer_27",65.0,"56+","Female","Bengaluru"
"CUST9693","Customer_343",48.0,"46-55","Male","Patna"
"CUST5621","Customer_427",62.0,"56+","Female","Delhi"
"CUST6067","Customer_316",55.0,"46-55","Male","Patna"
"CUST9465","Customer_470",44.0,"36-45","Male","Kolkata"
"CUST3773","Customer_336",41.0,"36-45","Female","Pune"
"CUST5933","Customer_92",29.0,"26-35","Male","Mumbai"
"CUST8904","Customer_152",28.0,"26-35","Female","Kolkata"
"CUST2599","Customer_390",35.0,"26-35","Male","Mumbai"
"CUST5249","Customer_236",57.0,"56+","Male","Pune"
"CUST9849","Customer_264",53.0,"46-55","Female","Delhi"
"CUST3891","Customer_453",65.0,"56+","Male","Mumbai"
"CUST8154","Customer_224",47.0,"46-55","Female","Pune"
"CUST1614","Customer_267",52.0,"46-55","Female","Bengaluru"
"CUST9557","Customer_475",47.0,"46-55","Male","Mumbai"
"CUST9253","Customer_371",50.0,"46-55","Female","Pune"
"CUST2794","Customer_98",31.0,"26-35","Female","Patna"
"CUST2051","Customer_103",31.0,"26-35","Male","Bengaluru"
"CUST1577","Customer_59",37.0,"36-45","Male","Delhi"
"CUST7654","Customer_172",42.0,"36-45","Male","Delhi"
"CUST9304","Customer_216",38.0,"36-45","Female","Bengaluru"
"CUST9709","Customer_409",41.0,"36-45","Male","Pune"
"CUST6828","Customer_222",50.0,"46-55","Male","Bengaluru"
"CUST1170","Customer_67",37.0,"36-45","Male","Mumbai"
"CUST3075","Customer_249",55.0,"46-55","Male","Bengaluru"
"CUST7104","Customer_498",34.0,"26-35","Male","Mumbai"
"CUST3265","Customer_256",29.0,"26-35","Male","Gaya"
"CUST4601","Customer_82",55.0,"46-55","Female","Hyderabad"
"CUST5743","Customer_248",28.0,"26-35","Male","Gaya"
"CUST8871","Customer_345",43.0,"36-45","Female","Kolkata"
"CUST3763","Customer_221",32.0,"26-35","Female","Delhi"
"CUST7309","Customer_266",52.0,"46-55","Female","Delhi"
"CUST3281","Customer_243",64.0,"56+","Female","Pune"
"CUST9724","Customer_220",35.0,"26-35","Male","Pune"
"CUST5468","Customer_463",32.0,"26-35","Male","Bengaluru"
"CUST7621","Customer_375",61.0,"56+","Female","Gaya"
"CUST9551","Customer_230",18.0,"18-25","Male","Bengaluru"
"CUST3023","Customer_223",43.0,"36-45","Female","Gaya"
"CUST5318","Customer_376",61.0,"56+","Male","Bengaluru"
"CUST9900","Customer_496",26.0,"26-35","Male","Bengaluru"
"CUST6142","Customer_410",37.0,"36-45","Male","Patna"
"CUST8318","Customer_189",29.0,"26-35","Female","Kolkata"
"CUST9485","Customer_43",57.0,"56+","Male","Mumbai"
"CUST9022","Customer_131",49.0,"46-55","Female","Mumbai"
"CUST4041","Customer_433",32.0,"26-35","Female","Bengaluru"
"CUST5835","Customer_362",20.0,"18-25","Male","Unknown"
"CUST9776","Customer_345",54.0,"46-55","Female","Delhi"
"CUST9292","Customer_89",33.0,"26-35","Male","Bengaluru"
"CUST3607","Customer_266",64.0,"56+","Female","Patna"
"CUST1032","Customer_20",22.0,"18-25","Female","Pune"
"CUST6531","Customer_218",57.0,"56+","Male","Kolkata"
"CUST4482","Customer_139",53.0,"46-55","Male","Pune"
"CUST4655","Customer_167",35.0,"26-35","Male","Kolkata"
"CUST3365","Customer_80",23.0,"18-25","Male","Delhi"
"CUST1481","Customer_40",40.0,"36-45","Female","Patna"
"CUST2242","Customer_331",53.0,"46-55","Female","Delhi"
"CUST8164","Customer_156",34.0,"26-35","Female","Delhi"
"CUST9469","Customer_426",18.0,"18-25","Female","Kolkata"
"CUST3129","Customer_138",39.0,"36-45","Male","Hyderabad"
"CUST6180","Customer_73",64.0,"56+","Male","Patna"
"CUST2671","Customer_58",52.0,"46-55","Male","Delhi"
"CUST9927","Customer_357",37.0,"36-45","Female","Bengaluru"
"CUST3393","Customer_175",24.0,"18-25","Female","Hyderabad"
"CUST5569","Customer_188",27.0,"26-35","Female","Pune"
"CUST5128","Customer_192",47.0,"46-55","Male","Bengaluru"
"CUST3345","Customer_202",35.0,"26-35","Female","Gaya"
"CUST6600","Customer_242",58.0,"56+","Female","Bengaluru"
"CUST5615","Customer_56",63.0,"56+","Female","Bengaluru"
"CUST5102","Customer_416",41.0,"36-45","Female","Hyderabad"
"CUST6037","Customer_121",28.0,"26-35","Male","Patna"
"CUST2137","Customer_57",40.0,"36-45","Female","Mumbai"
"CUST4625","Customer_296",25.0,"18-25","Female","Gaya"
"CUST4414","Customer_194",53.0,"46-55","Female","Delhi"
"CUST5778","Customer_346",37.0,"36-45","Male","Patna"
"CUST1528","Customer_170",46.0,"46-55","Male","Patna"
"CUST5430","Customer_333",48.0,"46-55","Male","Mumbai"
"CUST8759","Customer_20",64.0,"56+","Female","Hyderabad"
"CUST9421","Customer_355",64.0,"56+","Female","Bengaluru"
"CUST3440","Customer_28",32.0,"26-35","Female","Pune"
"CUST6631","Customer_141",58.0,"56+","Male","Kolkata"
"CUST9089","Customer_177",24.0,"18-25","Male","Patna"
"CUST4703","Customer_394",58.0,"56+","Male","Patna"
"CUST4598","Customer_96",33.0,"26-35","Female","Patna"
"CUST3277","Customer_148",46.0,"46-55","Female","Gaya"
"CUST5932","Customer_183",62.0,"56+","Female","Gaya"
"CUST7628","Customer_120",56.0,"56+","Male","Bengaluru"
"CUST9942","Customer_466",29.0,"26-35","Female","Kolkata"
"CUST6436","Customer_288",52.0,"46-55","Male","Bengaluru"
"CUST2231","Customer_38",51.0,"46-55","Male","Delhi"
"CUST2956","Customer_177",39.0,"36-45","Male","Patna"
"CUST1764","Customer_47",24.0,"18-25","Male","Hyderabad"
"CUST9649","Customer_322",58.0,"56+","Male","Gaya"
"CUST6655","Customer_192",31.0,"26-35","Female","Pune"
"CUST4284","Customer_270",46.0,"46-55","Male","Patna"
"CUST4269","Customer_268",65.0,"56+","Female","Gaya"
"CUST1253","Customer_334",32.0,"26-35","Female","Gaya"
"CUST9754","Customer_304",19.0,"18-25","Male","Delhi"
"CUST2697","Customer_155",49.0,"46-55","Male","Hyderabad"
"CUST9209","Customer_233",21.0,"18-25","Female","Mumbai"
"CUST4215","Customer_103",28.0,"26-35","Male","Delhi"
"CUST2935","Customer_26",28.0,"26-35","Male","Delhi"
"CUST9381","Customer_352",45.0,"36-45","Male","Kolkata"
"CUST4982","Customer_370",33.0,"26-35","Male","Delhi"
"CUST4849","Customer_209",28.0,"26-35","Male","Patna"
"CUST3418","Customer_499",33.0,"26-35","Female","Gaya"
"CUST3459","Customer_320",19.0,"18-25","Male","Pune"
"CUST7937","Customer_158",43.0,"36-45","Female","Mumbai"
"CUST8269","Customer_104",34.0,"26-35","Female","Bengaluru"
"CUST9619","Customer_491",30.0,"26-35","Male","Pune"
"CUST6887","Customer_423",21.0,"18-25","Male","Delhi"
"CUST8515","Customer_445",22.0,"18-25","Male","Mumbai"
"CUST1256","Customer_279",34.0,"26-35","Male","Kolkata"
"CUST1841","Customer_129",45.0,"36-45","Male","Kolkata"
"CUST2777","Customer_417",49.0,"46-55","Male","Gaya"
"CUST2031","Customer_309",45.0,"36-45","Female","Gaya"
"CUST9219","Customer_132",30.0,"26-35","Female","Gaya"
"CUST6714","Customer_31",41.0,"36-45","Female","Unknown"
"CUST5766","Customer_85",27.0,"26-35","Male","Gaya"
"CUST1189","Customer_490",39.0,"36-45","Female","Pune"
"CUST9125","Customer_19",21.0,"18-25","Female","Mumbai"
"CUST6806","Customer_316",46.0,"46-55","Male","Pune"
"CUST9543","Customer_448",45.0,"36-45","Female","Bengaluru"
"CUST6136","Customer_328",22.0,"18-25","Male","Hyderabad"
"CUST9131","Customer_249",38.0,"36-45","Female","Delhi"
"CUST4317","Customer_498",50.0,"46-55","Female","Delhi"
"CUST5702","Customer_381",48.0,"46-55","Female","Pune"
"CUST9379","Customer_263",38.0,"36-45","Female","Kolkata"
"CUST7664","Customer_376",43.0,"36-45","Female","Delhi"
"CUST1710","Customer_355",46.0,"46-55","Female","Hyderabad"
"CUST2680","Customer_90",65.0,"56+","Female","Patna"
"CUST6783","Customer_7",30.0,"26-35","Male","Kolkata"
"CUST8039","Customer_391",55.0,"46-55","Female","Kolkata"
"CUST7564","Customer_478",20.0,"18-25","Female","Patna"
"CUST8899","Customer_482",30.0,"26-35","Male","Delhi"
"CUST1453","Customer_60",51.0,"46-55","Male","Gaya"
"CUST5363","Customer_423",56.0,"56+","Male","Delhi"
"CUST8325","Customer_16",62.0,"56+","Female","Bengaluru"
"CUST3741","Customer_461",57.0,"56+","Female","Mumbai"
"CUST4758","Customer_372",63.0,"56+","Male","Pune"
"CUST1940","Customer_40",48.0,"46-55","Male","Gaya"
"CUST3024","Customer_332",22.0,"18-25","Female","Patna"
"CUST7981","Customer_196",46.0,"46-55","Male","Mumbai"
"CUST9259","Customer_276",30.0,"26-35","Male","Hyderabad"
"CUST4966","Customer_367",47.0,"46-55","Female","Bengaluru"
"CUST2632","Customer_321",56.0,"56+","Male","Kolkata"
"CUST3723","Customer_208",52.0,"46-55","Male","Kolkata"
"CUST8322","Customer_429",28.0,"26-35","Male","Hyderabad"
"CUST9464","Customer_357",39.0,"36-45","Male","Gaya"
"CUST4264","Customer_304",26.0,"26-35","Female","Patna"
"CUST8691","Customer_252",27.0,"26-35","Male","Patna"
"CUST7117","Customer_6",53.0,"46-55","Female","Gaya"
"CUST4167","Customer_113",41.0,"36-45","Female","Kolkata"
"CUST6969","Customer_83",41.0,"36-45","Female","Hyderabad"
"CUST9486","Customer_19",29.0,"26-35","Male","Hyderabad"
"CUST2708","Customer_57",52.0,"46-55","Male","Delhi"
"CUST1833","Customer_357",63.0,"56+","Male","Gaya"
"CUST8425","Customer_254",47.0,"46-55","Male","Delhi"
"CUST3911","Customer_304",26.0,"26-35","Female","Gaya"
"CUST2812","Customer_249",55.0,"46-55","Male","Gaya"
"CUST8000","Customer_275",51.0,"46-55","Male","Kolkata"
"CUST6862","Customer_257",45.0,"36-45","Female","Patna"
"CUST1616","Customer_288",44.0,"36-45","Female","Delhi"
"CUST2835","Customer_468",41.0,"36-45","Male","Kolkata"
"CUST7494","Customer_188",30.0,"26-35","Female","Mumbai"
"CUST8789","Customer_4",52.0,"46-55","Female","Delhi"
"CUST4457","Customer_212",31.0,"26-35","Female","Hyderabad"
"CUST6258","Customer_229",52.0,"46-55","Male","Pune"
"CUST9324","Customer_58",61.0,"56+","Female","Hyderabad"
"CUST2027","Customer_458",32.0,"26-35","Male","Gaya"
"CUST9966","Customer_199",44.0,"36-45","Male","Kolkata"
"CUST3747","Customer_322",47.0,"46-55","Female","Mumbai"
"CUST9303","Customer_321",44.0,"36-45","Female","Kolkata"
"CUST9282","Customer_322",58.0,"56+","Female","Mumbai"
"CUST1565","Customer_353",27.0,"26-35","Female","Delhi"
"CUST6704","Customer_335",24.0,"18-25","Female","Mumbai"
"CUST8023","Customer_118",50.0,"46-55","Female","Mumbai"
"CUST6860","Customer_168",30.0,"26-35","Male","Bengaluru"
"CUST2661","Customer_370",41.0,"36-45","Male","Delhi"
"CUST1316","Customer_3",37.0,"36-45","Female","Delhi"
"CUST7283","Customer_262",34.0,"26-35","Male","Mumbai"
"CUST3089","Customer_339",35.0,"26-35","Female","Kolkata"
"CUST8947","Customer_375",65.0,"56+","Female","Patna"
"CUST9042","Customer_354",31.0,"26-35","Female","Hyderabad"
"CUST8907","Customer_51",47.0,"46-55","Male","Hyderabad"
"CUST6260","Customer_455",37.0,"36-45","Male","Gaya"
"CUST9055","Customer_359",62.0,"56+","Male","Gaya"
"CUST3778","Customer_96",39.0,"36-45","Female","Bengaluru"
"CUST1090","Customer_316",45.0,"36-45","Female","Unknown"
"CUST6706","Customer_215",54.0,"46-55","Male","Mumbai"
"CUST8200","Customer_147",22.0,"18-25","Female","Patna"
"CUST5010","Customer_46",41.0,"36-45","Female","Pune"
"CUST5233","Customer_108",26.0,"26-35","Male","Mumbai"
"CUST4089","Customer_79",42.0,"36-45","Male","Gaya"
"CUST7568","Customer_12",65.0,"56+","Male","Gaya"
"CUST3835","Customer_256",45.0,"36-45","Male","Delhi"
"CUST1124","Customer_360",18.0,"18-25","Female","Patna"
"CUST8700","Customer_233",35.0,"26-35","Female","Mumbai"
"CUST2742","Customer_216",22.0,"18-25","Female","Delhi"
"CUST6394","Customer_338",57.0,"56+","Female","Bengaluru"
"CUST5133","Customer_86",56.0,"56+","Female","Pune"
"CUST5535","Customer_146",28.0,"26-35","Male","Gaya"
"CUST1419","Customer_226",28.0,"26-35","Male","Mumbai"
"CUST3972","Customer_336",20.0,"18-25","Male","Gaya"
"CUST2394","Customer_293",27.0,"26-35","Male","Patna"
"CUST7033","Customer_359",33.0,"26-35","Male","Gaya"
"CUST7824","Customer_21",20.0,"18-25","Male","Pune"
"CUST2039","Customer_32",31.0,"26-35","Male","Mumbai"
"CUST4569","Customer_238",38.0,"36-45","Male","Patna"
"CUST1780","Customer_250",64.0,"56+","Male","Hyderabad"
"CUST5244","Customer_44",41.0,"36-45","Male","Pune"
"CUST7188","Customer_180",37.0,"36-45","Male","Bengaluru"
"CUST7042","Customer_137",60.0,"56+","Male","Kolkata"
"CUST4646","Customer_365",36.0,"36-45","Female","Bengaluru"
"CUST3623","Customer_1",35.0,"26-35","Male","Mumbai"
"CUST1399","Customer_431",60.0,"56+","Male","Gaya"
"CUST7285","Customer_493",18.0,"18-25","Female","Hyderabad"
"CUST1401","Customer_151",35.0,"26-35","Male","Delhi"
"CUST9458","Customer_25",22.0,"18-25","Male","Delhi"
"CUST9612","Customer_463",21.0,"18-25","Male","Kolkata"
"CUST2520","Customer_93",34.0,"26-35","Female","Kolkata"
"CUST7491","Customer_139",46.0,"46-55","Female","Bengaluru"
"CUST3473","Customer_20",56.0,"56+","Male","Hyderabad"
"CUST6748","Customer_2",40.0,"36-45","Female","Patna"
"CUST4722","Customer_390",63.0,"56+","Male","Bengaluru"
"CUST5431","Customer_396",60.0,"56+","Female","Mumbai"
"CUST3316","Customer_458",41.0,"36-45","Female","Patna"
"CUST9510","Customer_345",21.0,"18-25","Female","Kolkata"
"CUST9273","Customer_162",32.0,"26-35","Female","Hyderabad"
"CUST5206","Customer_327",52.0,"46-55","Female","Patna"
"CUST3820","Customer_312",48.0,"46-55","Female","Delhi"
"CUST5791","Customer_113",62.0,"56+","Male","Patna"
"CUST2343","Customer_39",28.0,"26-35","Male","Patna"
"CUST6654","Customer_66",38.0,"36-45","Female","Pune"
"CUST8820","Customer_339",39.0,"36-45","Female","Kolkata"
"CUST9181","Customer_122",24.0,"18-25","Female","Patna"
"CUST8098","Customer_337",26.0,"26-35","Female","Patna"
"CUST6006","Customer_344",38.0,"36-45","Male","Delhi"
"CUST1094","Customer_91",31.0,"26-35","Female","Patna"
"CUST1468","Customer_266",49.0,"46-55","Female","Kolkata"
"CUST1936","Customer_15",59.0,"56+","Male","Delhi"
"CUST8399","Customer_160",40.0,"36-45","Male","Mumbai"
"CUST8075","Customer_401",62.0,"56+","Female","Patna"
"CUST8826","Customer_206",20.0,"18-25","Female","Gaya"
"CUST9700","Customer_441",25.0,"18-25","Female","Kolkata"
"CUST8600","Customer_53",42.0,"36-45","Male","Hyderabad"
"CUST8513","Customer_125",49.0,"46-55","Female","Pune"
"CUST8595","Customer_63",44.0,"36-45","Female","Mumbai"
"CUST9489","Customer_385",61.0,"56+","Male","Delhi"
"CUST7226","Customer_421",51.0,"46-55","Male","Mumbai"
"CUST1840","Customer_90",43.0,"36-45","Female","Kolkata"
"CUST9449","Customer_178",49.0,"46-55","Female","Mumbai"
"CUST3537","Customer_377",24.0,"18-25","Female","Pune"
"CUST4417","Customer_234",52.0,"46-55","Male","Mumbai"
"CUST4099","Customer_377",55.0,"46-55","Female","Delhi"
"CUST3107","Customer_99",21.0,"18-25","Female","Kolkata"
"CUST9111","Customer_235",61.0,"56+","Female","Kolkata"
"CUST8813","Customer_83",54.0,"46-55","Male","Bengaluru"
"CUST7221","Customer_478",39.0,"36-45","Male","Gaya"
"CUST5899","Customer_500",31.0,"26-35","Female","Gaya"
"CUST4483","Customer_109",63.0,"56+","Female","Patna"
"CUST4438","Customer_133",56.0,"56+","Female","Kolkata"
"CUST9123","Customer_395",27.0,"26-35","Female","Mumbai"
"CUST2364","Customer_290",34.0,"26-35","Female","Hyderabad"
"CUST6314","Customer_66",19.0,"18-25","Female","Gaya"
"CUST8128","Customer_101",48.0,"46-55","Male","Kolkata"
"CUST8583","Customer_290",37.0,"36-45","Female","Delhi"
"CUST4488","Customer_414",39.0,"36-45","Female","Kolkata"
"CUST5178","Customer_170",23.0,"18-25","Male","Mumbai"
"CUST9217","Customer_448",39.0,"36-45","Female","Delhi"
"CUST4150","Customer_415",31.0,"26-35","Female","Delhi"
"CUST3751","Customer_270",36.0,"36-45","Male","Bengaluru"
"CUST1991","Customer_359",41.0,"36-45","Female","Kolkata"
"CUST8124","Customer_344",33.0,"26-35","Female","Pune"
"CUST6678","Customer_241",41.0,"36-45","Male","Kolkata"
"CUST8268","Customer_18",47.0,"46-55","Female","Kolkata"
"CUST1835","Customer_81",61.0,"56+","Female","Gaya"
"CUST3497","Customer_408",57.0,"56+","Male","Patna"
"CUST1452","Customer_68",62.0,"56+","Female","Hyderabad"
"CUST7416","Customer_191",54.0,"46-55","Female","Hyderabad"
"CUST8649","Customer_160",30.0,"26-35","Male","Gaya"
"CUST7361","Customer_159",20.0,"18-25","Male","Hyderabad"
"CUST9567","Customer_218",38.0,"36-45","Male","Delhi"
"CUST6432","Customer_194",62.0,"56+","Male","Mumbai"
"CUST4934","Customer_25",41.0,"36-45","Male","Bengaluru"
"CUST6845","Customer_337",34.0,"26-35","Male","Hyderabad"
"CUST1252","Customer_81",24.0,"18-25","Male","Pune"
"CUST9488","Customer_147",37.0,"36-45","Male","Pune"
"CUST4810","Customer_416",18.0,"18-25","Male","Kolkata"
"CUST1106","Customer_135",31.0,"26-35","Male","Patna"
"CUST3004","Customer_162",46.0,"46-55","Female","Pune"
"CUST6421","Customer_218",22.0,"18-25","Male","Gaya"
"CUST9384","Customer_230",28.0,"26-35","Female","Mumbai"
"CUST9081","Customer_244",63.0,"56+","Female","Mumbai"
"CUST6589","Customer_367",30.0,"26-35","Male","Kolkata"
"CUST7844","Customer_469",53.0,"46-55","Male","Patna"
"CUST4673","Customer_386",42.0,"36-45","Female","Delhi"
"CUST7504","Customer_183",52.0,"46-55","Male","Pune"
"CUST6921","Customer_68",62.0,"56+","Female","Patna"
"CUST4109","Customer_31",53.0,"46-55","Female","Delhi"
"CUST2181","Customer_125",41.0,"36-45","Female","Bengaluru"
"CUST8708","Customer_293",59.0,"56+","Male","Kolkata"
"CUST7219","Customer_391",30.0,"26-35","Male","Pune"
"CUST5516","Customer_343",21.0,"18-25","Male","Kolkata"
"CUST9562","Customer_162",39.0,"36-45","Male","Mumbai"
"CUST8347","Customer_236",55.0,"46-55","Male","Hyderabad"
"CUST3567","Customer_407",21.0,"18-25","Male","Bengaluru"
"CUST8110","Customer_268",54.0,"46-55","Male","Delhi"
"CUST4584","Customer_138",18.0,"18-25","Female","Pune"
"CUST4537","Customer_9",63.0,"56+","Male","Gaya"
"CUST5154","Customer_453",20.0,"18-25","Male","Mumbai"
"CUST9614","Customer_235",23.0,"18-25","Male","Bengaluru"
"CUST8300","Customer_242",44.0,"36-45","Female","Hyderabad"
"CUST1673","Customer_103",18.0,"18-25","Male","Gaya"
"CUST7016","Customer_88",33.0,"26-35","Female","Pune"
"CUST2672","Customer_324",27.0,"26-35","Female","Pune"
"CUST3237","Customer_341",48.0,"46-55","Female","Kolkata"
"CUST6684","Customer_426",59.0,"56+","Male","Bengaluru"
"CUST3321","Customer_151",20.0,"18-25","Female","Bengaluru"
"CUST2904","Customer_269",60.0,"56+","Female","Bengaluru"
"CUST1681","Customer_160",60.0,"56+","Male","Delhi"
"CUST7863","Customer_316",37.0,"36-45","Female","Gaya"
"CUST2218","Customer_392",57.0,"56+","Male","Delhi"
"CUST6288","Customer_407",55.0,"46-55","Male","Kolkata"
"CUST8502","Customer_220",47.0,"46-55","Male","Unknown"
"CUST1433","Customer_391",47.0,"46-55","Female","Mumbai"
"CUST4997","Customer_371",31.0,"26-35","Male","Hyderabad"
"CUST2827","Customer_287",35.0,"26-35","Male","Hyderabad"
"CUST4559","Customer_466",57.0,"56+","Female","Bengaluru"
"CUST7093","Customer_174",23.0,"18-25","Male","Mumbai"
"CUST8364","Customer_325",21.0,"18-25","Male","Hyderabad"
"CUST3285","Customer_232",30.0,"26-35","Female","Mumbai"
"CUST1104","Customer_328",64.0,"56+","Female","Hyderabad"
"CUST5155","Customer_165",57.0,"56+","Male","Bengaluru"
"CUST3966","Customer_338",47.0,"46-55","Female","Hyderabad"
"CUST2093","Customer_428",38.0,"36-45","Female","Mumbai"
"CUST9957","Customer_116",29.0,"26-35","Female","Pune"
"CUST3682","Customer_132",56.0,"56+","Female","Kolkata"
"CUST4110","Customer_73",59.0,"56+","Female","Kolkata"
"CUST2597","Customer_354",22.0,"18-25","Male","Kolkata"
"CUST8390","Customer_297",47.0,"46-55","Female","Mumbai"
"CUST4270","Customer_266",30.0,"26-35","Male","Kolkata"
"CUST3138","Customer_440",30.0,"26-35","Female","Mumbai"
"CUST4602","Customer_150",26.0,"26-35","Female","Pune"
"CUST7631","Customer_115",62.0,"56+","Female","Gaya"
"CUST7317","Customer_70",54.0,"46-55","Female","Delhi"
"CUST2644","Customer_222",24.0,"18-25","Male","Pune"
"CUST9674","Customer_232",41.0,"36-45","Female","Mumbai"
"CUST3078","Customer_230",22.0,"18-25","Male","Gaya"
"CUST8962","Customer_440",30.0,"26-35","Female","Kolkata"
"CUST7236","Customer_366",38.0,"36-45","Male","Gaya"
"CUST4420","Customer_268",38.0,"36-45","Male","Gaya"
"CUST6621","Customer_104",19.0,"18-25","Female","Mumbai"
"CUST8532","Customer_323",43.0,"36-45","Female","Delhi"
"CUST6658","Customer_274",60.0,"56+","Male","Patna"
"CUST4742","Customer_177",21.0,"18-25","Male","Kolkata"
"CUST2744","Customer_300",28.0,"26-35","Male","Bengaluru"
"CUST6870","Customer_53",51.0,"46-55","Female","Hyderabad"
"CUST1175","Customer_472",20.0,"18-25","Female","Gaya"
"CUST3745","Customer_138",55.0,"46-55","Female","Hyderabad"
"CUST6638","Customer_350",45.0,"36-45","Male","Bengaluru"
"CUST4037","Customer_205",30.0,"26-35","Male","Kolkata"
"CUST8877","Customer_105",23.0,"18-25","Female","Kolkata"
"CUST6096","Customer_53",51.0,"46-55","Female","Patna"
"CUST7371","Customer_463",38.0,"36-45","Female","Bengaluru"
"CUST4532","Customer_68",52.0,"46-55","Male","Pune"
"CUST6697","Customer_137",26.0,"26-35","Male","Pune"
"CUST7615","Customer_277",37.0,"36-45","Male","Patna"
"CUST8431","Customer_90",28.0,"26-35","Male","Delhi"
"CUST8657","Customer_495",58.0,"56+","Female","Delhi"
"CUST6762","Customer_235",47.0,"46-55","Male","Delhi"
"CUST5477","Customer_249",37.0,"36-45","Female","Kolkata"
"CUST8338","Customer_90",38.0,"36-45","Male","Pune"
"CUST3850","Customer_163",27.0,"26-35","Female","Kolkata"
"CUST8017","Customer_371",37.0,"36-45","Male","Patna"
"CUST5295","Customer_223",58.0,"56+","Female","Kolkata"
"CUST4553","Customer_489",44.0,"36-45","Female","Kolkata"
"CUST1269","Customer_423",22.0,"18-25","Female","Gaya"
"CUST6578","Customer_194",64.0,"56+","Female","Hyderabad"
"CUST2832","Customer_204",22.0,"18-25","Male","Pune"
"CUST8314","Customer_440",28.0,"26-35","Female","Gaya"
"CUST7026","Customer_317",28.0,"26-35","Male","Bengaluru"
"CUST2793","Customer_462",32.0,"26-35","Female","Gaya"
"CUST7522","Customer_322",53.0,"46-55","Female","Kolkata"
"CUST1987","Customer_35",24.0,"18-25","Male","Kolkata"
"CUST9414","Customer_359",61.0,"56+","Female","Hyderabad"
"CUST2589","Customer_426",49.0,"46-55","Male","Delhi"
"CUST8851","Customer_118",64.0,"56+","Male","Kolkata"
"CUST4103","Customer_454",33.0,"26-35","Male","Pune"
"CUST2138","Customer_303",42.0,"36-45","Female","Gaya"
"CUST5624","Customer_25",22.0,"18-25","Male","Patna"
"CUST9518","Customer_192",22.0,"18-25","Male","Pune"
"CUST9339","Customer_127",55.0,"46-55","Male","Patna"
"CUST6348","Customer_412",22.0,"18-25","Female","Kolkata"
"CUST3730","Customer_273",41.0,"36-45","Female","Unknown"
"CUST8058","Customer_273",60.0,"56+","Female","Pune"
"CUST2921","Customer_420",27.0,"26-35","Male","Patna"
"CUST9650","Customer_361",33.0,"26-35","Female","Hyderabad"
"CUST2604","Customer_356",40.0,"36-45","Male","Kolkata"
"CUST9651","Customer_461",60.0,"56+","Female","Delhi"
"CUST1637","Customer_70",59.0,"56+","Male","Patna"
"CUST9515","Customer_52",29.0,"26-35","Female","Kolkata"
"CUST7173","Customer_44",21.0,"18-25","Male","Hyderabad"
"CUST6279","Customer_97",21.0,"18-25","Female","Kolkata"
"CUST2867","Customer_221",61.0,"56+","Male","Hyderabad"
"CUST3851","Customer_487",59.0,"56+","Male","Delhi"
"CUST8729","Customer_72",48.0,"46-55","Male","Kolkata"
"CUST3580","Customer_60",56.0,"56+","Female","Gaya"
"CUST8834","Customer_413",61.0,"56+","Female","Mumbai"
"CUST6815","Customer_295",43.0,"36-45","Female","Patna"
"CUST1790","Customer_12",43.0,"36-45","Male","Hyderabad"
"CUST9952","Customer_453",30.0,"26-35","Female","Bengaluru"
"CUST7600","Customer_208",23.0,"18-25","Male","Pune"
"CUST9628","Customer_422",27.0,"26-35","Male","Bengaluru"
"CUST5415","Customer_460",29.0,"26-35","Female","Delhi"
"CUST6752","Customer_52",65.0,"56+","Male","Kolkata"
"CUST7110","Customer_176",60.0,"56+","Male","Hyderabad"
"CUST5240","Customer_379",43.0,"36-45","Male","Patna"
"CUST5505","Customer_189",38.0,"36-45","Female","Bengaluru"
"CUST6116","Customer_343",32.0,"26-35","Female","Gaya"
"CUST3566","Customer_430",45.0,"36-45","Female","Patna"
"CUST3948","Customer_465",38.0,"36-45","Male","Hyderabad"
"CUST2369","Customer_259",56.0,"56+","Male","Mumbai"
"CUST3542","Customer_156",51.0,"46-55","Male","Patna"
"CUST7724","Customer_365",38.0,"36-45","Male","Kolkata"
"CUST5419","Customer_263",65.0,"56+","Female","Patna"
"CUST6571","Customer_156",43.0,"36-45","Female","Pune"
"CUST7650","Customer_453",50.0,"46-55","Male","Kolkata"
"CUST7445","Customer_233",60.0,"56+","Female","Bengaluru"
"CUST6565","Customer_431",50.0,"46-55","Female","Gaya"
"CUST2969","Customer_287",59.0,"56+","Male","Kolkata"
"CUST3298","Customer_155",63.0,"56+","Female","Kolkata"
"CUST3260","Customer_237",55.0,"46-55","Male","Mumbai"
"CUST9962","Customer_161",45.0,"36-45","Male","Mumbai"
"CUST6814","Customer_70",62.0,"56+","Male","Bengaluru"
"CUST2859","Customer_395",21.0,"18-25","Female","Kolkata"
"CUST7228","Customer_200",21.0,"18-25","Female","Bengaluru"
"CUST2551","Customer_343",19.0,"18-25","Male","Patna"
"CUST5718","Customer_251",62.0,"56+","Female","Kolkata"
"CUST8242","Customer_492",51.0,"46-55","Male","Mumbai"
"CUST1618","Customer_166",41.0,"36-45","Male","Patna"
"CUST3297","Customer_465",47.0,"46-55","Male","Gaya"
"CUST4901","Customer_327",29.0,"26-35","Female","Mumbai"
"CUST3189","Customer_384",30.0,"26-35","Female","Kolkata"
"CUST3690","Customer_413",32.0,"26-35","Female","Delhi"
"CUST7876","Customer_34",57.0,"56+","Male","Bengaluru"
"CUST6442","Customer_10",62.0,"56+","Male","Kolkata"
"CUST9514","Customer_180",28.0,"26-35","Female","Patna"
"CUST7903","Customer_163",60.0,"56+","Female","Bengaluru"
"CUST1658","Customer_324",52.0,"46-55","Male","Hyderabad"
"CUST6719","Customer_394",30.0,"26-35","Female","Patna"
"CUST4941","Customer_457",50.0,"46-55","Female","Mumbai"
"CUST5851","Customer_418",50.0,"46-55","Male","Patna"
"CUST1149","Customer_14",40.0,"36-45","Female","Hyderabad"
"CUST6336","Customer_63",52.0,"46-55","Male","Delhi"
"CUST1960","Customer_367",44.0,"36-45","Male","Kolkata"
"CUST6933","Customer_224",23.0,"18-25","Female","Patna"
"CUST8754","Customer_77",28.0,"26-35","Male","Kolkata"
"CUST4979","Customer_273",45.0,"36-45","Male","Mumbai"
"CUST6340","Customer_125",37.0,"36-45","Female","Gaya"
"CUST7814","Customer_134",20.0,"18-25","Female","Bengaluru"
"CUST8199","Customer_39",64.0,"56+","Female","Gaya"
"CUST9718","Customer_11",57.0,"56+","Female","Unknown"
"CUST7065","Customer_335",24.0,"18-25","Female","Bengaluru"
"CUST6162","Customer_165",42.0,"36-45","Male","Mumbai"
"CUST6944","Customer_460",33.0,"26-35","Male","Gaya"
"CUST8319","Customer_362",44.0,"36-45","Male","Delhi"
"CUST6540","Customer_230",19.0,"18-25","Male","Kolkata"
"CUST8453","Customer_68",53.0,"46-55","Female","Patna"
"CUST5605","Customer_23",30.0,"26-35","Female","Kolkata"
"CUST8704","Customer_440",20.0,"18-25","Female","Kolkata"
"CUST3264","Customer_227",51.0,"46-55","Female","Gaya"
"CUST9364","Customer_352",62.0,"56+","Female","Gaya"
"CUST5389","Customer_362",44.0,"36-45","Female","Mumbai"
"CUST8766","Customer_140",47.0,"46-55","Female","Hyderabad"
"CUST7544","Customer_225",26.0,"26-35","Male","Mumbai"
"CUST8217","Customer_83",43.0,"36-45","Female","Delhi"
"CUST6780","Customer_262",42.0,"36-45","Female","Hyderabad"
"CUST9804","Customer_284",32.0,"26-35","Male","Patna"
"CUST5876","Customer_389",42.0,"36-45","Female","Patna"
"CUST1026","Customer_445",65.0,"56+","Female","Kolkata"
"CUST5432","Customer_163",57.0,"56+","Male","Patna"
"CUST8575","Customer_481",21.0,"18-25","Male","Patna"
"CUST5455","Customer_287",26.0,"26-35","Male","Bengaluru"
"CUST2834","Customer_98",41.0,"36-45","Male","Kolkata"
"CUST4431","Customer_177",19.0,"18-25","Male","Gaya"
"CUST3744","Customer_2",20.0,"18-25","Female","Mumbai"
"CUST1962","Customer_116",23.0,"18-25","Male","Delhi"
"CUST7787","Customer_139",40.0,"36-45","Male","Pune"
"CUST3679","Customer_242",48.0,"46-55","Male","Patna"
"CUST8455","Customer_468",37.0,"36-45","Female","Bengaluru"
"CUST4973","Customer_443",24.0,"18-25","Male","Kolkata"
"CUST7578","Customer_245",38.0,"36-45","Female","Delhi"
"CUST9287","Customer_281",54.0,"46-55","Female","Bengaluru"
"CUST3430","Customer_184",51.0,"46-55","Female","Kolkata"
"CUST9817","Customer_388",45.0,"36-45","Male","Patna"
"CUST7072","Customer_4",62.0,"56+","Female","Gaya"
"CUST3327","Customer_94",19.0,"18-25","Female","Pune"
"CUST2202","Customer_26",26.0,"26-35","Female","Patna"
"CUST3767","Customer_470",49.0,"46-55","Female","Hyderabad"
"CUST4947","Customer_352",58.0,"56+","Male","Bengaluru"
"CUST4888","Customer_13",38.0,"36-45","Male","Pune"
"CUST4112","Customer_71",33.0,"26-35","Female","Kolkata"
"CUST1442","Customer_371",22.0,"18-25","Female","Pune"
"CUST2757","Customer_366",55.0,"46-55","Male","Patna"
"CUST5319","Customer_129",35.0,"26-35","Female","Mumbai"
"CUST4391","Customer_214",36.0,"36-45","Male","Hyderabad"
"CUST7473","Customer_372",36.0,"36-45","Female","Mumbai"
"CUST9104","Customer_443",37.0,"36-45","Male","Bengaluru"
"CUST7091","Customer_1",48.0,"46-55","Female","Mumbai"
"CUST1258","Customer_443",40.0,"36-45","Male","Hyderabad"
"CUST1691","Customer_177",55.0,"46-55","Male","Mumbai"
"CUST9404","Customer_463",19.0,"18-25","Female","Gaya"
"CUST1779","Customer_378",65.0,"56+","Female","Delhi"
"CUST4651","Customer_359",54.0,"46-55","Male","Kolkata"
"CUST9027","Customer_153",43.0,"36-45","Female","Mumbai"
"CUST1396","Customer_479",34.0,"26-35","Male","Pune"
"CUST9132","Customer_210",21.0,"18-25","Female","Pune"
"CUST4926","Customer_102",45.0,"36-45","Male","Delhi"
"CUST3987","Customer_126",55.0,"46-55","Female","Pune"
"CUST5136","Customer_257",30.0,"26-35","Male","Mumbai"
"CUST8849","Customer_380",19.0,"18-25","Female","Patna"
"CUST3603","Customer_448",56.0,"56+","Female","Delhi"
"CUST4073","Customer_353",25.0,"18-25","Female","Pune"
"CUST7068","Customer_106",24.0,"18-25","Male","Hyderabad"
"CUST5762","Customer_404",20.0,"18-25","Female","Mumbai"
"CUST1611","Customer_451",49.0,"46-55","Male","Patna"
"CUST1806","Customer_354",58.0,"56+","Male","Patna"
"CUST4730","Customer_484",20.0,"18-25","Female","Patna"
"CUST7164","Customer_251",64.0,"56+","Male","Pune"
"CUST3867","Customer_54",41.0,"36-45","Female","Unknown"
"CUST6152","Customer_438",39.0,"36-45","Female","Bengaluru"
"CUST6881","Customer_158",41.0,"36-45","Female","Delhi"
"CUST3438","Customer_98",56.0,"56+","Male","Patna"
"CUST1890","Customer_277",21.0,"18-25","Male","Gaya"
"CUST9994","Customer_13",49.0,"46-55","Male","Delhi"
"CUST1906","Customer_76",36.0,"36-45","Male","Hyderabad"
"CUST4977","Customer_359",33.0,"26-35","Male","Mumbai"
"CUST6241","Customer_242",55.0,"46-55","Male","Hyderabad"
"CUST1759","Customer_71",64.0,"56+","Female","Delhi"
"CUST4515","Customer_281",48.0,"46-55","Female","Hyderabad"
"CUST6309","Customer_345",55.0,"46-55","Female","Mumbai"
"CUST2384","Customer_365",49.0,"46-55","Male","Gaya"
"CUST5025","Customer_159",28.0,"26-35","Female","Patna"
"CUST1753","Customer_493",58.0,"56+","Female","Hyderabad"
"CUST7186","Customer_150",36.0,"36-45","Female","Mumbai"
"CUST2804","Customer_115",32.0,"26-35","Female","Pune"
"CUST1997","Customer_219",29.0,"26-35","Female","Patna"
"CUST7609","Customer_327",41.0,"36-45","Female","Pune"
"CUST6414","Customer_82",30.0,"26-35","Male","Delhi"
"CUST3652","Customer_436",59.0,"56+","Male","Hyderabad"
"CUST4106","Customer_226",33.0,"26-35","Male","Gaya"
"CUST7933","Customer_232",50.0,"46-55","Male","Bengaluru"
"CUST9299","Customer_13",62.0,"56+","Female","Delhi"
"CUST5160","Customer_144",52.0,"46-55","Female","Delhi"
"CUST2260","Customer_325",54.0,"46-55","Male","Kolkata"
"CUST7676","Customer_42",39.0,"36-45","Female","Bengaluru"
"CUST7405","Customer_15",57.0,"56+","Male","Mumbai"
"CUST4565","Customer_359",65.0,"56+","Female","Delhi"
"CUST6319","Customer_393",32.0,"26-35","Female","Bengaluru"
"CUST4077","Customer_138",50.0,"46-55","Male","Mumbai"
"CUST8537","Customer_494",50.0,"46-55","Female","Hyderabad"
"CUST2025","Customer_239",37.0,"36-45","Female","Delhi"
"CUST1122","Customer_447",65.0,"56+","Female","Kolkata"
"CUST5413","Customer_20",62.0,"56+","Male","Bengaluru"
"CUST8466","Customer_66",43.0,"36-45","Male","Hyderabad"
"CUST9493","Customer_34",35.0,"26-35","Male","Gaya"
"CUST3576","Customer_397",53.0,"46-55","Male","Hyderabad"
"CUST2586","Customer_386",64.0,"56+","Male","Pune"
"CUST3499","Customer_139",20.0,"18-25","Male","Mumbai"
"CUST7718","Customer_293",26.0,"26-35","Male","Delhi"
"CUST3330","Customer_450",62.0,"56+","Female","Hyderabad"
"CUST9113","Customer_175",61.0,"56+","Male","Hyderabad"
"CUST1004","Customer_191",64.0,"56+","Female","Bengaluru"
"CUST8381","Customer_112",40.0,"36-45","Male","Kolkata"
"CUST6316","Customer_59",41.0,"36-45","Male","Pune"
"CUST2403","Customer_258",22.0,"18-25","Male","Pune"
"CUST1357","Customer_361",48.0,"46-55","Male","Delhi"
"CUST4337","Customer_269",53.0,"46-55","Female","Kolkata"
"CUST9175","Customer_441",36.0,"36-45","Male","Mumbai"
"CUST7177","Customer_40",21.0,"18-25","Male","Hyderabad"
"CUST9009","Customer_424",43.0,"36-45","Male","Mumbai"
"CUST8996","Customer_165",59.0,"56+","Male","Hyderabad"
"CUST3759","Customer_313",65.0,"56+","Female","Mumbai"
"CUST6311","Customer_257",65.0,"56+","Female","Mumbai"
"CUST8525","Customer_126",40.0,"36-45","Female","Gaya"
"CUST9285","Customer_452",49.0,"46-55","Female","Gaya"
"CUST8387","Customer_133",48.0,"46-55","Female","Bengaluru"
"CUST5726","Customer_192",20.0,"18-25","Male","Pune"
"CUST7238","Customer_335",54.0,"46-55","Female","Delhi"
"CUST3843","Customer_209",44.0,"36-45","Female","Bengaluru"
"CUST7185","Customer_285",61.0,"56+","Female","Delhi"
"CUST7757","Customer_494",58.0,"56+","Male","Mumbai"
"CUST1713","Customer_457",27.0,"26-35","Female","Bengaluru"
"CUST6987","Customer_107",31.0,"26-35","Female","Gaya"
"CUST5829","Customer_37",32.0,"26-35","Male","Delhi"
"CUST2542","Customer_219",43.0,"36-45","Male","Hyderabad"
"CUST4869","Customer_392",37.0,"36-45","Male","Kolkata"
"CUST5338","Customer_269",22.0,"18-25","Female","Patna"
"CUST5373","Customer_256",24.0,"18-25","Male","Delhi"
"CUST2256","Customer_284",50.0,"46-55","Male","Hyderabad"
"CUST7388","Customer_6",48.0,"46-55","Male","Hyderabad"
"CUST1159","Customer_492",30.0,"26-35","Male","Pune"
"CUST4003","Customer_305",54.0,"46-55","Female","Bengaluru"
"CUST6511","Customer_15",54.0,"46-55","Male","Mumbai"
"CUST2836","Customer_434",46.0,"46-55","Female","Patna"
"CUST9945","Customer_495",24.0,"18-25","Male","Hyderabad"
"CUST1603","Customer_434",37.0,"36-45","Female","Mumbai"
"CUST9871","Customer_187",27.0,"26-35","Female","Pune"
"CUST2418","Customer_425",57.0,"56+","Male","Gaya"
"CUST2126","Customer_385",34.0,"26-35","Male","Patna"
"CUST1284","Customer_375",31.0,"26-35","Male","Bengaluru"
"CUST6389","Customer_484",27.0,"26-35","Male","Kolkata"
"CUST2967","Customer_483",52.0,"46-55","Female","Mumbai"
"CUST9092","Customer_97",64.0,"56+","Male","Mumbai"
"CUST9351","Customer_352",36.0,"36-45","Male","Pune"
"CUST6410","Customer_301",61.0,"56+","Male","Gaya"
"CUST7618","Customer_154",25.0,"18-25","Male","Gaya"
"CUST9544","Customer_140",62.0,"56+","Female","Hyderabad"
"CUST9501","Customer_241",41.0,"36-45","Male","Delhi"
"CUST2714","Customer_98",58.0,"56+","Female","Gaya"
