"Order_ID","Customer_ID","Product","Order_Date","Order_Year","Order_Quarter","Quantity","Unit_Price","Total_Sales","Product_ID"
"ORD100002","CUST5529","Rice","2025-02-25",2025,1,7,2829.77,19808.39,1
"ORD100003","CUST3127","Book","2025-10-14",2025,4,5,27906.16,139530.8,2
"ORD100004","CUST8887","Book","2025-05-13",2025,2,8,37491.06,299928.48,2
"ORD100005","CUST2515","Mobile","2025-12-02",2025,4,9,28541.36,256872.24,3
"ORD100006","CUST4796","Rice","2025-11-20",2025,4,10,14036.59,140365.9,1
"ORD100007","CUST3952","Laptop","2025-12-31",2025,4,9,35947.47,323527.23,4
"ORD100008","CUST1758","Mobile","2025-10-14",2025,4,6,49997.53,299985.18,3
"ORD100009","CUST9622","Laptop","2025-12-05",2025,4,3,9488.83,28466.49,4
"ORD100010","CUST9770","Book","2025-11-21",2025,4,6,19488.23,116929.38,2
"ORD100011","CUST1312","Mobile","2025-04-16",2025,2,8,18024.34,144194.72,3
"ORD100012","CUST9642","Shoes","2025-05-05",2025,2,3,14151.42,42454.26,5
"ORD100013","CUST3228","Chair","2025-05-02",2025,2,6,47175.43,283052.58,6
"ORD100014","CUST1038","Rice","2025-05-06",2025,2,5,7413.68,37068.4,1
"ORD100015","CUST6413","Shoes","2025-04-24",2025,2,8,12042.52,96340.16,5
"ORD100016","CUST8660","Mobile","2025-03-12",2025,1,8,25465.31,203722.48,3
"ORD100017","CUST9307","Shoes","2025-08-30",2025,3,10,20111.09,201110.9,5
"ORD100018","CUST4363","Book","2025-11-30",2025,4,10,40109.12,401091.2,2
"ORD100019","CUST3508","Shoes","2025-10-19",2025,4,1,7280.64,7280.64,5
"ORD100020","CUST5806","Chair","2025-07-24",2025,3,5,6122.59,30612.95,6
"ORD100021","CUST6504","Laptop","2025-03-20",2025,1,8,23770.36,190162.88,4
"ORD100022","CUST8908","Shoes","2025-03-18",2025,1,1,2344.98,2344.98,5
"ORD100023","CUST2903","Book","2025-10-04",2025,4,7,15396.37,107774.59,2
"ORD100024","CUST1406","Shoes","2025-11-23",2025,4,10,31576.5,315765.0,5
"ORD100025","CUST8036","Laptop","2025-09-14",2025,3,2,11127.06,22254.12,4
"ORD100026","CUST6532","Rice","2025-03-16",2025,1,7,36069.86,252489.02,1
"ORD100027","CUST2482","Book","2025-04-10",2025,2,9,39414.46,354730.14,2
"ORD100028","CUST2003","Rice","2025-08-01",2025,3,2,23837.41,47674.82,1
"ORD100029","CUST6149","Laptop","2025-08-10",2025,3,5,14534.79,72673.95,4
"ORD100030","CUST3688","Mobile","2025-02-05",2025,1,10,21393.69,213936.9,3
"ORD100031","CUST3212","Rice","2025-08-09",2025,3,2,21382.16,42764.32,1
"ORD100032","CUST5063","Mobile","2025-05-13",2025,2,1,15831.03,15831.03,3
"ORD100033","CUST9565","Book","2025-10-22",2025,4,8,21791.66,174333.28,2
"ORD100034","CUST9325","Laptop","2025-12-04",2025,4,5,17556.08,87780.4,4
"ORD100035","CUST4002","Laptop","2025-05-03",2025,2,5,46822.84,234114.2,4
"ORD100036","CUST8975","Mobile","2025-03-08",2025,1,4,47896.7,191586.8,3
"ORD100037","CUST2669","Laptop","2025-02-07",2025,1,8,44911.49,359291.92,4
"ORD100038","CUST5869","Chair","2025-02-20",2025,1,7,40746.79,285227.53,6
"ORD100039","CUST7249","Rice","2025-10-20",2025,4,4,4794.08,19176.32,1
"ORD100040","CUST7465","Shoes","2025-03-07",2025,1,8,29270.98,234167.84,5
"ORD100041","CUST7988","Shoes","2025-04-21",2025,2,1,3992.85,3992.85,5
"ORD100042","CUST9953","Mobile","2025-05-31",2025,2,5,44365.94,221829.7,3
"ORD100043","CUST6938","Mobile","2025-04-20",2025,2,4,29915.72,119662.88,3
"ORD100044","CUST3006","Chair","2025-09-22",2025,3,6,16521.44,99128.64,6
"ORD100045","CUST5151","Rice","2025-07-04",2025,3,6,14399.11,86394.66,1
"ORD100046","CUST5903","Shoes","2025-04-26",2025,2,9,1491.63,13424.67,5
"ORD100047","CUST4943","Rice","2025-05-11",2025,2,2,6210.24,12420.48,1
"ORD100048","CUST4750","Mobile","2025-09-02",2025,3,2,47649.61,95299.22,3
"ORD100049","CUST2705","Mobile","2025-10-25",2025,4,5,24854.05,124270.25,3
"ORD100050","CUST5523","Chair","2025-10-03",2025,4,9,30834.87,277513.83,6
"ORD100051","CUST1557","Chair","2025-02-27",2025,1,6,20561.97,123371.82,6
"ORD100052","CUST2062","Book","2025-09-09",2025,3,10,49367.75,493677.5,2
"ORD100053","CUST9203","Laptop","2025-06-08",2025,2,6,4656.1,27936.6,4
"ORD100054","CUST8053","Rice","2025-07-07",2025,3,7,42345.82,296420.74,1
"ORD100055","CUST1017","Shoes","2025-04-16",2025,2,7,37747.24,264230.68,5
"ORD100056","CUST2690","Book","2025-11-16",2025,4,2,33304.17,66608.34,2
"ORD100057","CUST2791","Laptop","2025-12-07",2025,4,6,41157.44,246944.64,4
"ORD100058","CUST4496","Chair","2025-03-12",2025,1,7,47669.63,333687.41,6
"ORD100059","CUST8811","Chair","2025-12-12",2025,4,1,44708.5,44708.5,6
"ORD100060","CUST2411","Mobile","2025-01-15",2025,1,5,36809.08,184045.4,3
"ORD100061","CUST2350","Mobile","2025-11-08",2025,4,4,25292.97,101171.88,3
"ORD100062","CUST9745","Shoes","2025-07-06",2025,3,1,29263.26,29263.26,5
"ORD100063","CUST6236","Laptop","2025-07-15",2025,3,3,5679.91,17039.73,4
"ORD100064","CUST1887","Chair","2025-09-26",2025,3,6,46235.96,277415.76,6
"ORD100065","CUST5386","Rice","2025-05-16",2025,2,9,27164.06,244476.54,1
"ORD100066","CUST8065","Mobile","2025-07-25",2025,3,10,8905.49,89054.9,3
"ORD100067","CUST8841","Book","2025-01-30",2025,1,10,17406.52,174065.2,2
"ORD100068","CUST5871","Chair","2025-02-25",2025,1,5,27366.58,136832.9,6
"ORD100069","CUST9869","Book","2025-06-24",2025,2,5,41282.63,206413.15,2
"ORD100070","CUST9017","Book","2025-08-15",2025,3,8,13645.41,109163.28,2
"ORD100071","CUST1808","Chair","2025-10-21",2025,4,8,27337.64,218701.12,6
"ORD100072","CUST2565","Shoes","2025-08-25",2025,3,5,29219.72,146098.6,5
"ORD100073","CUST4958","Rice","2025-06-19",2025,2,3,8572.65,25717.95,1
"ORD100074","CUST7587","Laptop","2025-12-04",2025,4,9,45419.62,408776.58,4
"ORD100075","CUST2157","Mobile","2025-03-30",2025,1,4,21599.26,86397.04,3
"ORD100076","CUST8430","Laptop","2025-12-30",2025,4,2,8883.45,17766.9,4
"ORD100077","CUST1956","Shoes","2025-12-27",2025,4,9,12290.45,110614.05,5
"ORD100078","CUST9846","Book","2025-04-14",2025,2,6,10784.64,64707.84,2
"ORD100079","CUST4706","Rice","2026-01-01",2026,1,1,35862.34,35862.34,1
"ORD100080","CUST5607","Rice","2025-08-21",2025,3,1,13129.64,13129.64,1
"ORD100081","CUST8211","Chair","2025-03-05",2025,1,9,45747.37,411726.33,6
"ORD100082","CUST5367","Book","2025-09-01",2025,3,6,5849.89,35099.34,2
"ORD100083","CUST8346","Laptop","2025-01-06",2025,1,9,48845.5,439609.5,4
"ORD100084","CUST7484","Book","2025-10-24",2025,4,9,24828.05,223452.45,2
"ORD100085","CUST7911","Mobile","2025-03-07",2025,1,8,17841.4,142731.2,3
"ORD100086","CUST4229","Book","2025-08-24",2025,3,10,13662.66,136626.6,2
"ORD100087","CUST2290","Book","2025-03-17",2025,1,4,12169.49,48677.96,2
"ORD100088","CUST1246","Mobile","2025-12-17",2025,4,6,349.06,2094.36,3
"ORD100089","CUST3689","Laptop","2025-04-16",2025,2,8,20498.74,163989.92,4
"ORD100090","CUST7476","Book","2025-10-29",2025,4,9,13111.39,118002.51,2
"ORD100091","CUST7037","Rice","2025-12-15",2025,4,9,45000.49,405004.41,1
"ORD100092","CUST8578","Laptop","2025-12-24",2025,4,2,3455.06,6910.12,4
"ORD100093","CUST6618","Shoes","2025-04-28",2025,2,8,28874.64,230997.12,5
"ORD100094","CUST4650","Shoes","2025-11-07",2025,4,3,47917.49,143752.47,5
"ORD100095","CUST5091","Rice","2025-02-19",2025,1,10,21399.51,213995.1,1
"ORD100096","CUST2190","Rice","2025-05-31",2025,2,5,15127.88,75639.4,1
"ORD100097","CUST7277","Shoes","2025-11-12",2025,4,7,41677.34,291741.38,5
"ORD100098","CUST8623","Mobile","2025-01-22",2025,1,10,40745.55,407455.5,3
"ORD100099","CUST5232","Mobile","2025-02-13",2025,1,2,31217.12,62434.24,3
"ORD100100","CUST7462","Laptop","2025-11-02",2025,4,5,553.62,2768.1,4
"ORD100101","CUST7588","Rice","2025-10-05",2025,4,4,6974.66,27898.64,1
"ORD100102","CUST5005","Book","2025-12-19",2025,4,9,19437.88,174940.92,2
"ORD100103","CUST3210","Laptop","2025-01-14",2025,1,9,13617.93,122561.37,4
"ORD100104","CUST5926","Chair","2025-12-12",2025,4,8,38897.58,311180.64,6
"ORD100105","CUST3809","Book","2025-11-23",2025,4,6,8547.07,51282.42,2
"ORD100106","CUST2079","Chair","2025-10-26",2025,4,7,46263.01,323841.07,6
"ORD100107","CUST4881","Book","2025-08-09",2025,3,2,2814.55,5629.1,2
"ORD100108","CUST6707","Mobile","2025-03-20",2025,1,8,41112.05,328896.4,3
"ORD100109","CUST2796","Book","2025-09-18",2025,3,4,36826.88,147307.52,2
"ORD100110","CUST5524","Chair","2025-10-15",2025,4,3,42806.52,128419.56,6
"ORD100111","CUST9882","Laptop","2025-09-04",2025,3,6,5533.0,33198.0,4
"ORD100112","CUST3001","Laptop","2025-03-01",2025,1,3,2638.97,7916.91,4
"ORD100113","CUST5433","Book","2025-01-17",2025,1,4,25002.72,100010.88,2
"ORD100114","CUST3794","Book","2025-07-11",2025,3,10,10391.75,103917.5,2
"ORD100115","CUST2345","Book","2025-09-09",2025,3,10,22437.16,224371.6,2
"ORD100116","CUST8316","Laptop","2025-02-13",2025,1,9,41053.56,369482.04,4
"ORD100117","CUST9354","Rice","2025-03-27",2025,1,2,21391.19,42782.38,1
"ORD100118","CUST2871","Chair","2025-09-18",2025,3,4,36875.19,147500.76,6
"ORD100119","CUST7341","Mobile","2025-04-10",2025,2,4,41640.74,166562.96,3
"ORD100121","CUST9563","Book","2025-05-19",2025,2,8,4391.72,35133.76,2
"ORD100122","CUST2286","Laptop","2025-12-22",2025,4,2,18152.14,36304.28,4
"ORD100123","CUST2423","Mobile","2025-11-20",2025,4,7,16254.12,113778.84,3
"ORD100124","CUST2378","Shoes","2025-07-08",2025,3,5,3805.27,19026.35,5
"ORD100125","CUST6995","Book","2025-01-14",2025,1,7,46489.41,325425.87,2
"ORD100126","CUST3677","Shoes","2025-06-13",2025,2,1,17041.21,17041.21,5
"ORD100127","CUST6627","Rice","2025-01-14",2025,1,6,41494.43,248966.58,1
"ORD100128","CUST6238","Rice","2025-12-04",2025,4,10,25930.1,259301.0,1
"ORD100129","CUST8352","Laptop","2025-03-04",2025,1,8,26281.83,210254.64,4
"ORD100130","CUST2870","Mobile","2025-03-09",2025,1,8,21833.32,174666.56,3
"ORD100131","CUST4751","Rice","2025-11-29",2025,4,6,40577.1,243462.6,1
"ORD100132","CUST7031","Shoes","2025-01-17",2025,1,5,39039.96,195199.8,5
"ORD100133","CUST8366","Book","2025-03-25",2025,1,10,29902.97,299029.7,2
"ORD100134","CUST2863","Mobile","2025-02-10",2025,1,7,18967.46,132772.22,3
"ORD100135","CUST8298","Mobile","2025-03-10",2025,1,10,42943.17,429431.7,3
"ORD100136","CUST9577","Laptop","2025-03-21",2025,1,6,24216.91,145301.46,4
"ORD100137","CUST3054","Chair","2025-05-30",2025,2,9,7093.9,63845.1,6
"ORD100138","CUST6791","Chair","2025-11-27",2025,4,5,29748.17,148740.85,6
"ORD100139","CUST7062","Laptop","2025-09-18",2025,3,8,22563.72,180509.76,4
"ORD100140","CUST6625","Mobile","2025-04-04",2025,2,7,17321.68,121251.76,3
"ORD100141","CUST4824","Laptop","2025-01-25",2025,1,9,25138.42,226245.78,4
"ORD100142","CUST1339","Book","2025-07-31",2025,3,6,33887.35,203324.1,2
"ORD100143","CUST1113","Shoes","2025-03-05",2025,1,6,30177.21,181063.26,5
"ORD100144","CUST4034","Mobile","2025-06-30",2025,2,3,28572.4,85717.2,3
"ORD100145","CUST6997","Mobile","2025-12-06",2025,4,4,6898.4,27593.6,3
"ORD100146","CUST2480","Shoes","2025-03-12",2025,1,1,20740.93,20740.93,5
"ORD100147","CUST9450","Laptop","2025-06-08",2025,2,3,37576.35,112729.05,4
"ORD100148","CUST8408","Mobile","2025-07-07",2025,3,6,20416.04,122496.24,3
"ORD100149","CUST7178","Chair","2025-09-17",2025,3,2,8092.78,16185.56,6
"ORD100150","CUST4132","Chair","2025-04-01",2025,2,4,1973.64,7894.56,6
"ORD100151","CUST4829","Shoes","2025-09-13",2025,3,8,41749.55,333996.4,5
"ORD100152","CUST5188","Laptop","2025-02-08",2025,1,9,48833.27,439499.43,4
"ORD100153","CUST1928","Mobile","2025-06-26",2025,2,7,48642.53,340497.71,3
"ORD100154","CUST3887","Laptop","2025-10-26",2025,4,4,42299.16,169196.64,4
"ORD100155","CUST5211","Book","2025-03-18",2025,1,5,38233.51,191167.55,2
"ORD100156","CUST2236","Mobile","2025-07-22",2025,3,4,6502.53,26010.12,3
"ORD100157","CUST5375","Book","2025-03-11",2025,1,2,18293.96,36587.92,2
"ORD100158","CUST4137","Mobile","2025-08-31",2025,3,2,40810.01,81620.02,3
"ORD100159","CUST5113","Mobile","2025-02-16",2025,1,7,28469.0,199283.0,3
"ORD100160","CUST7263","Chair","2025-09-20",2025,3,10,1085.13,10851.3,6
"ORD100161","CUST2562","Rice","2025-10-22",2025,4,3,145.78,437.34,1
"ORD100162","CUST9297","Mobile","2025-06-03",2025,2,9,22636.01,203724.09,3
"ORD100163","CUST2295","Book","2025-11-04",2025,4,6,39830.65,238983.9,2
"ORD100164","CUST3839","Mobile","2025-01-07",2025,1,10,41054.72,410547.2,3
"ORD100165","CUST8010","Rice","2026-01-01",2026,1,4,35300.11,141200.44,1
"ORD100166","CUST9008","Book","2025-10-20",2025,4,5,25053.25,125266.25,2
"ORD100167","CUST3714","Rice","2025-09-04",2025,3,7,23674.97,165724.79,1
"ORD100168","CUST5036","Chair","2025-03-03",2025,1,8,37436.26,299490.08,6
"ORD100169","CUST1479","Chair","2025-08-06",2025,3,10,31730.57,317305.7,6
"ORD100170","CUST9875","Laptop","2025-04-04",2025,2,4,30139.27,120557.08,4
"ORD100171","CUST3522","Chair","2025-01-20",2025,1,3,10289.67,30869.01,6
"ORD100172","CUST4062","Chair","2025-05-10",2025,2,1,8906.18,8906.18,6
"ORD100173","CUST4009","Rice","2025-01-26",2025,1,2,21856.64,43713.28,1
"ORD100174","CUST4685","Rice","2025-04-08",2025,2,9,26781.39,241032.51,1
"ORD100175","CUST3564","Rice","2025-06-07",2025,2,9,49390.42,444513.78,1
"ORD100176","CUST8722","Laptop","2025-01-11",2025,1,9,21792.76,196134.84,4
"ORD100177","CUST3602","Mobile","2025-06-04",2025,2,4,16850.46,67401.84,3
"ORD100178","CUST9812","Mobile","2025-06-21",2025,2,2,14098.13,28196.26,3
"ORD100179","CUST4747","Mobile","2025-07-01",2025,3,3,34033.11,102099.33,3
"ORD100180","CUST1766","Laptop","2025-03-05",2025,1,5,1423.81,7119.05,4
"ORD100181","CUST3366","Rice","2025-10-31",2025,4,8,29735.57,237884.56,1
"ORD100182","CUST1215","Chair","2025-01-26",2025,1,7,1481.0,10367.0,6
"ORD100183","CUST3508","Laptop","2025-11-14",2025,4,8,23129.36,185034.88,4
"ORD100184","CUST5988","Chair","2025-10-24",2025,4,2,44336.38,88672.76,6
"ORD100185","CUST3662","Laptop","2025-01-15",2025,1,5,2983.97,14919.85,4
"ORD100186","CUST3397","Chair","2025-03-08",2025,1,3,8820.55,26461.65,6
"ORD100187","CUST4777","Laptop","2025-05-13",2025,2,1,21001.73,21001.73,4
"ORD100188","CUST9059","Laptop","2025-04-27",2025,2,9,16767.5,150907.5,4
"ORD100189","CUST5600","Rice","2025-06-26",2025,2,3,47959.38,143878.14,1
"ORD100190","CUST7574","Chair","2025-09-08",2025,3,5,7642.84,38214.2,6
"ORD100191","CUST1436","Laptop","2025-11-27",2025,4,10,1959.05,19590.5,4
"ORD100192","CUST3625","Mobile","2025-02-26",2025,1,4,26460.39,105841.56,3
"ORD100193","CUST5168","Laptop","2025-06-05",2025,2,6,9132.85,54797.1,4
"ORD100194","CUST6821","Book","2025-06-13",2025,2,8,34260.45,274083.6,2
"ORD100195","CUST6228","Book","2025-08-06",2025,3,4,22321.8,89287.2,2
"ORD100196","CUST3002","Book","2025-11-19",2025,4,8,27492.16,219937.28,2
"ORD100197","CUST3685","Chair","2025-10-26",2025,4,1,35489.21,35489.21,6
"ORD100198","CUST3417","Laptop","2025-02-08",2025,1,8,31510.55,252084.4,4
"ORD100199","CUST7187","Mobile","2025-01-04",2025,1,1,16633.85,16633.85,3
"ORD100200","CUST2953","Rice","2025-02-24",2025,1,8,27608.55,220868.4,1
"ORD100201","CUST2779","Rice","2025-12-23",2025,4,7,25521.26,178648.82,1
"ORD100202","CUST6564","Mobile","2025-02-26",2025,1,4,35658.89,142635.56,3
"ORD100203","CUST4996","Laptop","2025-03-10",2025,1,8,18088.02,144704.16,4
"ORD100204","CUST2428","Book","2025-12-16",2025,4,3,16041.29,48123.87,2
"ORD100205","CUST2448","Chair","2025-02-26",2025,1,9,16533.74,148803.66,6
"ORD100206","CUST1049","Book","2025-03-09",2025,1,1,16714.64,16714.64,2
"ORD100207","CUST9728","Rice","2025-08-30",2025,3,4,46356.08,185424.32,1
"ORD100208","CUST6932","Shoes","2025-02-25",2025,1,8,2636.28,21090.24,5
"ORD100209","CUST9159","Mobile","2025-04-05",2025,2,6,34808.76,208852.56,3
"ORD100210","CUST6518","Shoes","2025-08-25",2025,3,10,17713.87,177138.7,5
"ORD100211","CUST4756","Book","2025-04-16",2025,2,3,4421.33,13263.99,2
"ORD100212","CUST7659","Chair","2025-04-10",2025,2,1,49067.82,49067.82,6
"ORD100213","CUST6727","Mobile","2025-11-09",2025,4,6,18644.18,111865.08,3
"ORD100214","CUST8049","Laptop","2025-08-25",2025,3,9,14462.81,130165.29,4
"ORD100215","CUST4705","Shoes","2025-07-18",2025,3,1,29838.32,29838.32,5
"ORD100216","CUST5355","Rice","2025-03-20",2025,1,5,9508.4,47542.0,1
"ORD100217","CUST3186","Mobile","2025-03-23",2025,1,4,39054.95,156219.8,3
"ORD100218","CUST1822","Mobile","2025-10-07",2025,4,6,20308.85,121853.1,3
"ORD100219","CUST9645","Rice","2025-01-13",2025,1,4,15549.95,62199.8,1
"ORD100220","CUST2997","Laptop","2025-09-14",2025,3,1,34192.3,34192.3,4
"ORD100221","CUST2088","Book","2025-04-27",2025,2,2,12214.1,24428.2,2
"ORD100222","CUST1711","Shoes","2025-07-13",2025,3,10,49086.64,490866.4,5
"ORD100223","CUST9840","Mobile","2025-01-10",2025,1,8,20404.62,163236.96,3
"ORD100224","CUST7613","Laptop","2025-12-06",2025,4,8,49347.28,394778.24,4
"ORD100225","CUST1443","Rice","2025-12-07",2025,4,1,25336.7,25336.7,1
"ORD100226","CUST9319","Rice","2025-02-08",2025,1,5,7361.11,36805.55,1
"ORD100227","CUST6773","Laptop","2025-04-07",2025,2,4,33205.94,132823.76,4
"ORD100228","CUST5214","Chair","2025-06-19",2025,2,4,21609.52,86438.08,6
"ORD100229","CUST3618","Laptop","2025-07-08",2025,3,10,33072.39,330723.9,4
"ORD100230","CUST3668","Mobile","2025-11-01",2025,4,6,46679.69,280078.14,3
"ORD100231","CUST7315","Book","2025-05-16",2025,2,3,17931.34,53794.02,2
"ORD100232","CUST9158","Chair","2025-04-11",2025,2,4,5518.32,22073.28,6
"ORD100233","CUST6522","Book","2025-06-21",2025,2,7,15331.09,107317.63,2
"ORD100234","CUST3760","Shoes","2025-09-05",2025,3,1,41626.11,41626.11,5
"ORD100235","CUST5079","Chair","2025-10-22",2025,4,8,33479.62,267836.96,6
"ORD100236","CUST6082","Laptop","2025-05-19",2025,2,9,44135.66,397220.94,4
"ORD100237","CUST8311","Mobile","2025-06-25",2025,2,10,4504.89,45048.9,3
"ORD100238","CUST5945","Shoes","2025-02-04",2025,1,7,28710.98,200976.86,5
"ORD100239","CUST9191","Book","2025-02-23",2025,1,6,25562.3,153373.8,2
"ORD100241","CUST1197","Book","2025-02-12",2025,1,4,1486.03,5944.12,2
"ORD100242","CUST6111","Laptop","2025-12-22",2025,4,8,4159.17,33273.36,4
"ORD100243","CUST1367","Book","2025-05-04",2025,2,7,6218.47,43529.29,2
"ORD100244","CUST6584","Mobile","2025-03-27",2025,1,10,29646.26,296462.6,3
"ORD100245","CUST2862","Rice","2025-09-21",2025,3,7,10674.88,74724.16,1
"ORD100246","CUST4094","Rice","2025-05-31",2025,2,4,44577.29,178309.16,1
"ORD100247","CUST5129","Book","2025-09-17",2025,3,6,36587.03,219522.18,2
"ORD100248","CUST4629","Mobile","2025-02-09",2025,1,3,25277.79,75833.37,3
"ORD100249","CUST5454","Chair","2025-01-23",2025,1,10,30855.5,308555.0,6
"ORD100250","CUST3169","Mobile","2025-12-20",2025,4,7,19829.73,138808.11,3
"ORD100251","CUST9047","Laptop","2025-04-02",2025,2,7,46461.17,325228.19,4
"ORD100252","CUST9097","Book","2025-08-28",2025,3,2,32168.36,64336.72,2
"ORD100253","CUST2006","Book","2025-04-16",2025,2,2,1655.36,3310.72,2
"ORD100254","CUST5418","Book","2025-08-17",2025,3,4,44463.18,177852.72,2
"ORD100255","CUST8067","Chair","2025-05-02",2025,2,6,43576.14,261456.84,6
"ORD100256","CUST3080","Chair","2025-05-03",2025,2,1,43789.89,43789.89,6
"ORD100257","CUST6728","Mobile","2025-12-15",2025,4,1,34757.71,34757.71,3
"ORD100258","CUST7801","Chair","2025-09-10",2025,3,7,6196.22,43373.54,6
"ORD100259","CUST4686","Rice","2025-06-18",2025,2,8,36364.84,290918.72,1
"ORD100260","CUST6345","Chair","2025-01-20",2025,1,3,15948.34,47845.02,6
"ORD100261","CUST6927","Chair","2025-07-09",2025,3,5,17292.4,86462.0,6
"ORD100262","CUST8686","Chair","2025-10-28",2025,4,6,29255.02,175530.12,6
"ORD100263","CUST6585","Rice","2025-06-22",2025,2,4,25906.46,103625.84,1
"ORD100264","CUST7176","Chair","2025-04-18",2025,2,9,6110.1,54990.9,6
"ORD100265","CUST9233","Chair","2025-05-04",2025,2,10,36331.75,363317.5,6
"ORD100266","CUST7501","Rice","2025-11-26",2025,4,8,6459.95,51679.6,1
"ORD100267","CUST7082","Book","2025-05-06",2025,2,4,25164.5,100658.0,2
"ORD100268","CUST2463","Laptop","2025-04-04",2025,2,5,49665.71,248328.55,4
"ORD100269","CUST1662","Book","2025-08-01",2025,3,7,13789.53,96526.71,2
"ORD100270","CUST7413","Laptop","2025-10-25",2025,4,5,16404.25,82021.25,4
"ORD100271","CUST1994","Book","2025-12-26",2025,4,3,32373.88,97121.64,2
"ORD100272","CUST6173","Mobile","2025-08-03",2025,3,7,21466.96,150268.72,3
"ORD100273","CUST7374","Book","2025-01-10",2025,1,5,47201.84,236009.2,2
"ORD100274","CUST4737","Book","2025-09-11",2025,3,5,36171.66,180858.3,2
"ORD100275","CUST3689","Laptop","2025-06-07",2025,2,8,47311.77,378494.16,4
"ORD100276","CUST6444","Book","2025-09-06",2025,3,9,28865.26,259787.34,2
"ORD100277","CUST2152","Mobile","2025-09-13",2025,3,2,48433.7,96867.4,3
"ORD100278","CUST1636","Chair","2025-09-14",2025,3,7,7528.42,52698.94,6
"ORD100279","CUST3341","Mobile","2025-09-30",2025,3,4,46629.93,186519.72,3
"ORD100280","CUST1463","Shoes","2025-08-19",2025,3,3,32403.32,97209.96,5
"ORD100281","CUST3877","Mobile","2025-12-26",2025,4,6,14220.63,85323.78,3
"ORD100282","CUST6407","Laptop","2025-12-28",2025,4,6,5810.2,34861.2,4
"ORD100283","CUST4381","Laptop","2025-01-09",2025,1,6,22627.46,135764.76,4
"ORD100284","CUST5097","Mobile","2025-05-09",2025,2,9,20619.08,185571.72,3
"ORD100285","CUST9910","Shoes","2025-10-17",2025,4,2,45034.12,90068.24,5
"ORD100286","CUST7806","Rice","2025-10-23",2025,4,2,40768.5,81537.0,1
"ORD100287","CUST8105","Mobile","2025-01-11",2025,1,3,35888.63,107665.89,3
"ORD100288","CUST6002","Laptop","2025-11-04",2025,4,9,23875.09,214875.81,4
"ORD100289","CUST1334","Shoes","2025-11-07",2025,4,2,17100.29,34200.58,5
"ORD100290","CUST9248","Chair","2025-04-06",2025,2,7,15202.84,106419.88,6
"ORD100291","CUST7152","Mobile","2025-08-31",2025,3,6,17696.96,106181.76,3
"ORD100292","CUST8650","Rice","2025-02-20",2025,1,6,13138.1,78828.6,1
"ORD100293","CUST9284","Book","2025-04-16",2025,2,5,3842.06,19210.3,2
"ORD100294","CUST4169","Rice","2025-03-02",2025,1,4,6495.5,25982.0,1
"ORD100295","CUST3464","Book","2025-05-04",2025,2,4,43207.48,172829.92,2
"ORD100296","CUST8294","Book","2025-07-04",2025,3,4,49876.67,199506.68,2
"ORD100297","CUST4845","Chair","2025-11-18",2025,4,1,2599.12,2599.12,6
"ORD100298","CUST6538","Mobile","2025-07-28",2025,3,4,6652.95,26611.8,3
"ORD100299","CUST6028","Laptop","2025-03-25",2025,1,4,20533.23,82132.92,4
"ORD100300","CUST7944","Chair","2025-07-01",2025,3,6,28595.31,171571.86,6
"ORD100301","CUST5406","Mobile","2025-09-12",2025,3,5,9509.13,47545.65,3
"ORD100302","CUST9552","Chair","2025-08-09",2025,3,7,1106.55,7745.85,6
"ORD100303","CUST3059","Shoes","2025-03-27",2025,1,6,39075.07,234450.42,5
"ORD100304","CUST1183","Chair","2025-07-06",2025,3,7,7046.4,49324.8,6
"ORD100305","CUST1088","Shoes","2025-08-27",2025,3,5,40763.95,203819.75,5
"ORD100306","CUST8195","Shoes","2025-08-02",2025,3,1,3727.43,3727.43,5
"ORD100307","CUST1231","Rice","2026-01-01",2026,1,4,46771.94,187087.76,1
"ORD100308","CUST6206","Book","2025-12-12",2025,4,7,43207.91,302455.37,2
"ORD100309","CUST7625","Book","2025-03-23",2025,1,3,5803.11,17409.33,2
"ORD100310","CUST1762","Book","2025-07-29",2025,3,4,30974.95,123899.8,2
"ORD100311","CUST1743","Shoes","2025-09-08",2025,3,4,40276.76,161107.04,5
"ORD100312","CUST9788","Mobile","2025-11-12",2025,4,8,17270.72,138165.76,3
"ORD100313","CUST2687","Book","2025-10-23",2025,4,6,8249.36,49496.16,2
"ORD100314","CUST3094","Mobile","2025-07-22",2025,3,8,42935.06,343480.48,3
"ORD100315","CUST7059","Laptop","2025-06-08",2025,2,8,1722.06,13776.48,4
"ORD100316","CUST8229","Mobile","2025-04-21",2025,2,5,25857.91,129289.55,3
"ORD100317","CUST9307","Book","2025-02-25",2025,1,4,47319.13,189276.52,2
"ORD100318","CUST2457","Mobile","2025-01-30",2025,1,2,21816.67,43633.34,3
"ORD100319","CUST5057","Shoes","2025-06-08",2025,2,3,10075.98,30227.94,5
"ORD100320","CUST1516","Laptop","2025-05-07",2025,2,9,22182.44,199641.96,4
"ORD100321","CUST4527","Book","2025-06-22",2025,2,6,35006.3,210037.8,2
"ORD100322","CUST2650","Chair","2025-08-15",2025,3,10,16222.64,162226.4,6
"ORD100323","CUST1932","Mobile","2025-09-20",2025,3,4,1935.28,7741.12,3
"ORD100324","CUST2094","Book","2025-07-20",2025,3,4,28385.87,113543.48,2
"ORD100325","CUST7196","Chair","2025-08-26",2025,3,8,33388.11,267104.88,6
"ORD100326","CUST2537","Mobile","2025-05-27",2025,2,1,1005.21,1005.21,3
"ORD100327","CUST9627","Rice","2025-03-30",2025,1,5,27900.36,139501.8,1
"ORD100328","CUST3044","Rice","2025-05-06",2025,2,10,31855.44,318554.4,1
"ORD100329","CUST9693","Book","2025-04-12",2025,2,9,45988.02,413892.18,2
"ORD100330","CUST5621","Shoes","2025-10-14",2025,4,7,19261.81,134832.67,5
"ORD100331","CUST6067","Laptop","2025-04-28",2025,2,8,22233.15,177865.2,4
"ORD100332","CUST9465","Shoes","2025-02-03",2025,1,4,2247.11,8988.44,5
"ORD100333","CUST3773","Chair","2025-07-23",2025,3,6,27965.93,167795.58,6
"ORD100334","CUST5933","Chair","2025-01-29",2025,1,5,13013.63,65068.15,6
"ORD100335","CUST8904","Rice","2025-10-16",2025,4,2,31943.19,63886.38,1
"ORD100336","CUST2599","Laptop","2025-02-24",2025,1,5,26823.14,134115.7,4
"ORD100337","CUST5249","Shoes","2025-12-05",2025,4,10,11637.38,116373.8,5
"ORD100338","CUST9849","Chair","2025-09-21",2025,3,5,38518.95,192594.75,6
"ORD100339","CUST3891","Laptop","2025-03-02",2025,1,6,25123.86,150743.16,4
"ORD100340","CUST8154","Mobile","2025-10-28",2025,4,9,47289.86,425608.74,3
"ORD100341","CUST1614","Book","2025-02-13",2025,1,4,18655.09,74620.36,2
"ORD100342","CUST9557","Book","2025-01-28",2025,1,3,45718.65,137155.95,2
"ORD100343","CUST9253","Rice","2025-10-29",2025,4,10,21580.33,215803.3,1
"ORD100344","CUST2794","Shoes","2025-12-18",2025,4,5,10932.32,54661.6,5
"ORD100345","CUST1463","Mobile","2025-05-01",2025,2,6,12740.73,76444.38,3
"ORD100346","CUST2051","Rice","2025-02-09",2025,1,9,12137.54,109237.86,1
"ORD100347","CUST1577","Shoes","2025-02-16",2025,1,1,36943.51,36943.51,5
"ORD100348","CUST7654","Rice","2025-07-16",2025,3,2,33566.2,67132.4,1
"ORD100349","CUST9304","Shoes","2025-03-27",2025,1,2,32332.27,64664.54,5
"ORD100350","CUST9709","Laptop","2025-07-11",2025,3,8,47254.7,378037.6,4
"ORD100351","CUST6828","Chair","2025-03-26",2025,1,3,42538.14,127614.42,6
"ORD100352","CUST1170","Mobile","2025-02-24",2025,1,4,25840.34,103361.36,3
"ORD100353","CUST3075","Laptop","2025-02-13",2025,1,1,8162.84,8162.84,4
"ORD100354","CUST7104","Chair","2025-11-08",2025,4,5,49012.25,245061.25,6
"ORD100355","CUST3265","Rice","2025-10-20",2025,4,5,19538.67,97693.35,1
"ORD100356","CUST4601","Book","2025-08-17",2025,3,1,5053.68,5053.68,2
"ORD100357","CUST5743","Laptop","2025-07-15",2025,3,6,14400.18,86401.08,4
"ORD100358","CUST8871","Chair","2025-08-11",2025,3,4,28464.26,113857.04,6
"ORD100359","CUST3763","Shoes","2025-01-26",2025,1,5,40682.5,203412.5,5
"ORD100361","CUST7309","Book","2025-04-26",2025,2,6,42742.96,256457.76,2
"ORD100362","CUST3281","Laptop","2025-10-01",2025,4,10,19010.69,190106.9,4
"ORD100363","CUST9724","Laptop","2025-04-30",2025,2,5,31244.32,156221.6,4
"ORD100364","CUST5468","Laptop","2025-11-16",2025,4,7,42733.08,299131.56,4
"ORD100365","CUST7621","Shoes","2025-12-30",2025,4,1,44751.42,44751.42,5
"ORD100366","CUST9551","Mobile","2025-03-13",2025,1,10,47493.59,474935.9,3
"ORD100367","CUST3023","Shoes","2025-09-07",2025,3,8,46122.45,368979.6,5
"ORD100368","CUST5318","Shoes","2025-06-06",2025,2,3,31028.12,93084.36,5
"ORD100369","CUST9900","Shoes","2025-06-12",2025,2,2,48986.48,97972.96,5
"ORD100370","CUST6142","Mobile","2025-01-26",2025,1,10,12839.38,128393.8,3
"ORD100371","CUST8318","Mobile","2025-09-25",2025,3,1,6050.27,6050.27,3
"ORD100372","CUST9485","Mobile","2025-06-15",2025,2,2,42518.8,85037.6,3
"ORD100373","CUST9022","Rice","2025-06-04",2025,2,4,22806.21,91224.84,1
"ORD100374","CUST4041","Laptop","2025-01-18",2025,1,4,39453.46,157813.84,4
"ORD100375","CUST5835","Laptop","2025-05-06",2025,2,2,28311.58,56623.16,4
"ORD100376","CUST9776","Rice","2025-02-28",2025,1,3,11513.96,34541.88,1
"ORD100377","CUST9292","Shoes","2025-10-25",2025,4,8,16079.7,128637.6,5
"ORD100378","CUST3607","Book","2025-09-29",2025,3,5,21152.92,105764.6,2
"ORD100379","CUST1032","Mobile","2025-04-28",2025,2,7,20998.7,146990.9,3
"ORD100380","CUST6531","Rice","2025-04-04",2025,2,6,13054.61,78327.66,1
"ORD100381","CUST4482","Mobile","2025-06-07",2025,2,9,46780.58,421025.22,3
"ORD100382","CUST4655","Shoes","2025-10-16",2025,4,7,34258.83,239811.81,5
"ORD100383","CUST3365","Mobile","2025-08-25",2025,3,7,17055.84,119390.88,3
"ORD100384","CUST1481","Chair","2025-10-15",2025,4,10,7876.48,78764.8,6
"ORD100385","CUST2242","Mobile","2025-11-24",2025,4,10,34976.79,349767.9,3
"ORD100386","CUST8164","Chair","2025-06-30",2025,2,8,38672.34,309378.72,6
"ORD100387","CUST9469","Shoes","2025-06-17",2025,2,1,48695.59,48695.59,5
"ORD100388","CUST3129","Book","2025-10-04",2025,4,9,41871.43,376842.87,2
"ORD100389","CUST6180","Mobile","2025-08-30",2025,3,6,26179.81,157078.86,3
"ORD100390","CUST2671","Shoes","2025-03-23",2025,1,1,23398.57,23398.57,5
"ORD100391","CUST6111","Laptop","2025-03-30",2025,1,5,24596.56,122982.8,4
"ORD100392","CUST9927","Shoes","2025-08-11",2025,3,1,35804.49,35804.49,5
"ORD100393","CUST3393","Mobile","2025-09-09",2025,3,3,36239.15,108717.45,3
"ORD100394","CUST5569","Shoes","2025-11-22",2025,4,5,21143.07,105715.35,5
"ORD100395","CUST5128","Rice","2025-04-01",2025,2,8,30277.06,242216.48,1
"ORD100396","CUST8053","Laptop","2025-10-26",2025,4,4,41264.56,165058.24,4
"ORD100397","CUST3345","Book","2025-02-12",2025,1,5,11761.9,58809.5,2
"ORD100398","CUST6600","Mobile","2025-03-07",2025,1,9,48807.37,439266.33,3
"ORD100399","CUST5615","Rice","2025-06-14",2025,2,4,1895.99,7583.96,1
"ORD100400","CUST5102","Book","2025-04-20",2025,2,3,26269.62,78808.86,2
"ORD100401","CUST6037","Mobile","2025-01-13",2025,1,2,1793.29,3586.58,3
"ORD100402","CUST2137","Shoes","2025-04-05",2025,2,5,18223.06,91115.3,5
"ORD100403","CUST4625","Book","2025-02-22",2025,1,7,43850.91,306956.37,2
"ORD100404","CUST4414","Book","2025-01-10",2025,1,1,15617.29,15617.29,2
"ORD100405","CUST5778","Shoes","2025-04-05",2025,2,2,36062.36,72124.72,5
"ORD100406","CUST1528","Mobile","2025-03-21",2025,1,2,24194.96,48389.92,3
"ORD100407","CUST5430","Shoes","2025-06-29",2025,2,3,46253.94,138761.82,5
"ORD100408","CUST8759","Chair","2025-02-28",2025,1,1,22534.47,22534.47,6
"ORD100409","CUST9421","Shoes","2025-01-23",2025,1,5,23003.28,115016.4,5
"ORD100410","CUST3440","Laptop","2025-07-07",2025,3,5,6619.66,33098.3,4
"ORD100411","CUST6631","Book","2025-07-11",2025,3,4,7231.17,28924.68,2
"ORD100412","CUST9089","Book","2025-12-16",2025,4,10,14441.39,144413.9,2
"ORD100413","CUST4703","Laptop","2025-12-03",2025,4,4,39636.15,158544.6,4
"ORD100414","CUST4598","Shoes","2025-07-18",2025,3,10,6633.6,66336.0,5
"ORD100415","CUST3277","Mobile","2025-01-16",2025,1,6,31722.52,190335.12,3
"ORD100416","CUST5932","Rice","2025-06-30",2025,2,3,24990.09,74970.27,1
"ORD100417","CUST7628","Chair","2025-03-25",2025,1,6,26716.59,160299.54,6
"ORD100418","CUST9942","Mobile","2025-06-04",2025,2,8,28813.93,230511.44,3
"ORD100419","CUST6436","Shoes","2025-08-21",2025,3,2,2209.43,4418.86,5
"ORD100420","CUST2231","Mobile","2025-05-12",2025,2,2,572.39,1144.78,3
"ORD100421","CUST2956","Chair","2025-10-04",2025,4,5,26522.29,132611.45,6
"ORD100422","CUST1764","Laptop","2025-12-23",2025,4,2,25875.53,51751.06,4
"ORD100423","CUST9649","Mobile","2025-04-03",2025,2,9,37176.15,334585.35,3
"ORD100424","CUST6655","Laptop","2025-10-03",2025,4,10,315.67,3156.7,4
"ORD100425","CUST4284","Mobile","2025-02-28",2025,1,1,30640.69,30640.69,3
"ORD100426","CUST4269","Laptop","2025-06-21",2025,2,8,23432.88,187463.04,4
"ORD100427","CUST1253","Laptop","2025-05-31",2025,2,3,29297.53,87892.59,4
"ORD100428","CUST9754","Chair","2025-02-14",2025,1,6,33928.27,203569.62,6
"ORD100429","CUST2697","Book","2025-08-08",2025,3,6,13857.45,83144.7,2
"ORD100430","CUST9209","Laptop","2025-10-24",2025,4,9,29804.26,268238.34,4
"ORD100431","CUST4215","Shoes","2025-07-21",2025,3,9,12279.11,110511.99,5
"ORD100432","CUST2935","Mobile","2025-02-04",2025,1,6,5060.75,30364.5,3
"ORD100433","CUST9381","Laptop","2025-05-11",2025,2,2,42427.93,84855.86,4
"ORD100434","CUST4982","Mobile","2025-06-10",2025,2,10,43997.22,439972.2,3
"ORD100435","CUST4849","Rice","2025-01-05",2025,1,1,28812.06,28812.06,1
"ORD100436","CUST3418","Mobile","2025-05-28",2025,2,1,1229.02,1229.02,3
"ORD100437","CUST3459","Mobile","2025-08-01",2025,3,3,29528.77,88586.31,3
"ORD100438","CUST7937","Chair","2025-11-29",2025,4,9,24864.11,223776.99,6
"ORD100439","CUST8269","Book","2025-12-13",2025,4,8,11693.63,93549.04,2
"ORD100440","CUST9209","Shoes","2025-05-26",2025,2,2,5988.17,11976.34,5
"ORD100441","CUST9619","Mobile","2025-01-22",2025,1,1,3839.04,3839.04,3
"ORD100442","CUST6887","Chair","2025-08-30",2025,3,5,3146.73,15733.65,6
"ORD100443","CUST8515","Chair","2025-07-24",2025,3,7,33771.26,236398.82,6
"ORD100444","CUST9942","Mobile","2025-10-01",2025,4,3,28342.81,85028.43,3
"ORD100445","CUST1256","Mobile","2025-06-16",2025,2,5,48457.94,242289.7,3
"ORD100446","CUST1841","Book","2025-02-23",2025,1,2,41096.75,82193.5,2
"ORD100447","CUST2777","Mobile","2025-02-28",2025,1,9,19415.21,174736.89,3
"ORD100448","CUST2031","Shoes","2025-02-08",2025,1,4,8654.13,34616.52,5
"ORD100449","CUST9219","Laptop","2025-02-02",2025,1,5,26337.15,131685.75,4
"ORD100450","CUST6714","Book","2025-02-13",2025,1,10,43946.96,439469.6,2
"ORD100451","CUST3773","Chair","2025-02-28",2025,1,8,30576.0,244608.0,6
"ORD100452","CUST5766","Shoes","2025-01-22",2025,1,7,32289.77,226028.39,5
"ORD100453","CUST1189","Shoes","2025-08-30",2025,3,2,18153.87,36307.74,5
"ORD100454","CUST4756","Laptop","2025-09-15",2025,3,1,5815.69,5815.69,4
"ORD100455","CUST9125","Chair","2025-08-10",2025,3,1,47927.36,47927.36,6
"ORD100456","CUST6806","Laptop","2025-04-16",2025,2,8,30816.21,246529.68,4
"ORD100457","CUST9543","Chair","2025-02-17",2025,1,2,45809.09,91618.18,6
"ORD100458","CUST6136","Chair","2025-03-20",2025,1,10,7127.33,71273.3,6
"ORD100459","CUST9131","Book","2025-04-28",2025,2,9,41434.83,372913.47,2
"ORD100460","CUST4317","Book","2025-04-17",2025,2,4,36242.41,144969.64,2
"ORD100461","CUST5702","Book","2025-07-11",2025,3,10,13908.48,139084.8,2
"ORD100462","CUST9379","Laptop","2025-03-22",2025,1,1,9009.36,9009.36,4
"ORD100463","CUST7664","Shoes","2025-04-25",2025,2,6,36021.08,216126.48,5
"ORD100464","CUST1710","Book","2025-09-17",2025,3,10,44045.66,440456.6,2
"ORD100465","CUST2680","Book","2025-07-30",2025,3,3,41596.85,124790.55,2
"ORD100466","CUST6783","Book","2025-08-25",2025,3,9,21020.37,189183.33,2
"ORD100467","CUST8039","Book","2025-05-27",2025,2,6,28483.33,170899.98,2
"ORD100468","CUST7564","Book","2025-12-23",2025,4,8,22060.38,176483.04,2
"ORD100469","CUST8899","Mobile","2025-04-15",2025,2,9,17074.46,153670.14,3
"ORD100470","CUST1453","Shoes","2025-05-05",2025,2,6,7136.1,42816.6,5
"ORD100471","CUST5363","Rice","2025-11-18",2025,4,4,33964.14,135856.56,1
"ORD100472","CUST8325","Chair","2025-03-19",2025,1,7,46331.16,324318.12,6
"ORD100473","CUST7374","Rice","2025-02-23",2025,1,10,27530.02,275300.2,1
"ORD100474","CUST3741","Laptop","2025-12-08",2025,4,2,24291.74,48583.48,4
"ORD100475","CUST4758","Laptop","2025-07-24",2025,3,5,13257.79,66288.95,4
"ORD100476","CUST1940","Shoes","2025-08-22",2025,3,10,16360.67,163606.7,5
"ORD100477","CUST3024","Laptop","2025-05-27",2025,2,6,40480.73,242884.38,4
"ORD100478","CUST7981","Chair","2025-10-09",2025,4,2,747.57,1495.14,6
"ORD100479","CUST9259","Laptop","2025-08-22",2025,3,2,35420.46,70840.92,4
"ORD100481","CUST4966","Chair","2025-08-26",2025,3,3,2762.18,8286.54,6
"ORD100482","CUST2632","Laptop","2025-01-07",2025,1,2,33800.83,67601.66,4
"ORD100483","CUST3723","Laptop","2025-02-16",2025,1,4,4113.4,16453.6,4
"ORD100484","CUST8322","Chair","2025-06-24",2025,2,10,24297.48,242974.8,6
"ORD100485","CUST9464","Book","2025-12-25",2025,4,9,5037.6,45338.4,2
"ORD100486","CUST4264","Mobile","2025-11-15",2025,4,8,34803.41,278427.28,3
"ORD100487","CUST8691","Shoes","2025-08-24",2025,3,9,9123.43,82110.87,5
"ORD100488","CUST7117","Chair","2025-02-22",2025,1,6,6567.81,39406.86,6
"ORD100489","CUST4167","Mobile","2025-08-24",2025,3,9,27766.56,249899.04,3
"ORD100490","CUST6969","Rice","2025-04-16",2025,2,5,33535.53,167677.65,1
"ORD100491","CUST9486","Shoes","2025-04-18",2025,2,9,48011.48,432103.32,5
"ORD100492","CUST2708","Book","2025-03-21",2025,1,9,21084.4,189759.6,2
"ORD100493","CUST1833","Book","2025-12-28",2025,4,3,37002.06,111006.18,2
"ORD100494","CUST8425","Laptop","2025-05-29",2025,2,3,33382.46,100147.38,4
"ORD100495","CUST3911","Shoes","2025-07-28",2025,3,5,16321.45,81607.25,5
"ORD100496","CUST2812","Chair","2025-05-29",2025,2,1,767.61,767.61,6
"ORD100497","CUST8000","Rice","2025-04-07",2025,2,8,18862.36,150898.88,1
"ORD100498","CUST6862","Chair","2025-12-31",2025,4,2,47693.33,95386.66,6
"ORD100499","CUST1616","Mobile","2025-08-24",2025,3,3,33234.99,99704.97,3
"ORD100500","CUST2835","Chair","2025-06-26",2025,2,9,7268.14,65413.26,6
"ORD100501","CUST7494","Mobile","2025-06-18",2025,2,10,10702.89,107028.9,3
"ORD100502","CUST8789","Book","2025-12-07",2025,4,2,13323.8,26647.6,2
"ORD100503","CUST4457","Laptop","2025-04-30",2025,2,4,27565.01,110260.04,4
"ORD100504","CUST6258","Mobile","2025-07-15",2025,3,1,40225.63,40225.63,3
"ORD100505","CUST9324","Chair","2025-09-06",2025,3,1,12494.97,12494.97,6
"ORD100506","CUST2027","Rice","2025-06-02",2025,2,3,40440.72,121322.16,1
"ORD100507","CUST9966","Laptop","2025-11-06",2025,4,10,25386.4,253864.0,4
"ORD100508","CUST3747","Laptop","2025-03-08",2025,1,3,7991.06,23973.18,4
"ORD100509","CUST9303","Mobile","2025-08-25",2025,3,9,41886.87,376981.83,3
"ORD100510","CUST9282","Laptop","2025-04-21",2025,2,10,7062.57,70625.7,4
"ORD100511","CUST1565","Book","2025-10-22",2025,4,10,8028.98,80289.8,2
"ORD100512","CUST6704","Chair","2025-10-29",2025,4,7,49735.32,348147.24,6
"ORD100513","CUST8023","Shoes","2025-10-24",2025,4,4,25461.32,101845.28,5
"ORD100514","CUST6860","Laptop","2025-08-09",2025,3,1,30210.72,30210.72,4
"ORD100515","CUST2661","Mobile","2025-02-12",2025,1,6,42150.74,252904.44,3
"ORD100516","CUST1316","Mobile","2025-05-12",2025,2,1,16249.69,16249.69,3
"ORD100517","CUST7283","Shoes","2025-05-09",2025,2,6,16403.01,98418.06,5
"ORD100518","CUST3089","Laptop","2025-12-16",2025,4,7,19933.44,139534.08,4
"ORD100519","CUST8947","Rice","2025-12-19",2025,4,3,48879.87,146639.61,1
"ORD100520","CUST9042","Chair","2025-11-09",2025,4,2,32458.06,64916.12,6
"ORD100521","CUST8907","Rice","2025-10-23",2025,4,9,32104.55,288940.95,1
"ORD100522","CUST6260","Laptop","2025-04-24",2025,2,3,35318.2,105954.6,4
"ORD100523","CUST9055","Mobile","2025-07-05",2025,3,1,47870.04,47870.04,3
"ORD100524","CUST3778","Shoes","2025-02-10",2025,1,1,47848.0,47848.0,5
"ORD100525","CUST1090","Shoes","2025-12-31",2025,4,7,751.97,5263.79,5
"ORD100526","CUST6706","Mobile","2025-02-14",2025,1,2,22666.98,45333.96,3
"ORD100527","CUST8200","Mobile","2025-03-27",2025,1,8,12225.23,97801.84,3
"ORD100528","CUST5010","Rice","2025-07-29",2025,3,7,17760.62,124324.34,1
"ORD100529","CUST5233","Book","2025-09-08",2025,3,6,8151.02,48906.12,2
"ORD100530","CUST4089","Shoes","2025-12-18",2025,4,9,12514.53,112630.77,5
"ORD100531","CUST7568","Rice","2025-05-15",2025,2,1,40250.63,40250.63,1
"ORD100532","CUST3835","Book","2025-09-20",2025,3,3,48031.9,144095.7,2
"ORD100533","CUST1124","Rice","2025-06-08",2025,2,8,45296.32,362370.56,1
"ORD100534","CUST8700","Mobile","2025-07-16",2025,3,5,25036.53,125182.65,3
"ORD100535","CUST2742","Rice","2025-04-05",2025,2,5,21466.01,107330.05,1
"ORD100536","CUST6394","Rice","2025-12-14",2025,4,2,28506.81,57013.62,1
"ORD100537","CUST9469","Chair","2025-01-30",2025,1,6,30698.79,184192.74,6
"ORD100538","CUST5133","Laptop","2025-08-09",2025,3,6,3230.47,19382.82,4
"ORD100539","CUST5535","Rice","2025-10-17",2025,4,6,13606.65,81639.9,1
"ORD100540","CUST1419","Rice","2025-06-12",2025,2,6,9146.39,54878.34,1
"ORD100541","CUST3972","Rice","2025-11-17",2025,4,9,26764.87,240883.83,1
"ORD100542","CUST2515","Shoes","2025-09-16",2025,3,7,6887.98,48215.86,5
"ORD100543","CUST2394","Rice","2025-06-30",2025,2,6,49889.13,299334.78,1
"ORD100544","CUST7033","Laptop","2025-11-21",2025,4,4,39050.88,156203.52,4
"ORD100545","CUST7824","Rice","2025-02-19",2025,1,1,14634.25,14634.25,1
"ORD100546","CUST2039","Mobile","2025-02-24",2025,1,7,33006.89,231048.23,3
"ORD100547","CUST4569","Laptop","2025-12-25",2025,4,9,46663.92,419975.28,4
"ORD100548","CUST7568","Shoes","2025-12-10",2025,4,9,3626.27,32636.43,5
"ORD100549","CUST1780","Book","2025-05-31",2025,2,8,13184.14,105473.12,2
"ORD100550","CUST5244","Rice","2025-03-27",2025,1,5,41509.54,207547.7,1
"ORD100551","CUST7188","Laptop","2025-09-26",2025,3,2,27044.74,54089.48,4
"ORD100552","CUST7042","Book","2025-06-08",2025,2,2,35113.98,70227.96,2
"ORD100553","CUST4646","Rice","2025-12-25",2025,4,5,38032.02,190160.1,1
"ORD100554","CUST3623","Mobile","2025-07-03",2025,3,9,37614.58,338531.22,3
"ORD100555","CUST1399","Book","2025-01-28",2025,1,4,18505.56,74022.24,2
"ORD100556","CUST2515","Mobile","2025-12-09",2025,4,6,21017.46,126104.76,3
"ORD100557","CUST7285","Book","2025-03-05",2025,1,8,1204.93,9639.44,2
"ORD100558","CUST1401","Rice","2025-10-02",2025,4,7,36390.58,254734.06,1
"ORD100559","CUST9458","Mobile","2025-05-09",2025,2,2,17302.3,34604.6,3
"ORD100560","CUST9612","Mobile","2025-10-22",2025,4,10,6613.42,66134.2,3
"ORD100561","CUST2520","Mobile","2025-01-11",2025,1,5,28280.37,141401.85,3
"ORD100562","CUST3001","Book","2025-09-07",2025,3,1,6150.86,6150.86,2
"ORD100563","CUST7491","Rice","2025-12-29",2025,4,4,26924.41,107697.64,1
"ORD100564","CUST3473","Book","2025-03-16",2025,1,3,6301.32,18903.96,2
"ORD100565","CUST6748","Book","2025-10-12",2025,4,10,39690.68,396906.8,2
"ORD100566","CUST4722","Chair","2025-10-23",2025,4,6,36327.94,217967.64,6
"ORD100567","CUST5431","Mobile","2025-01-20",2025,1,10,21547.89,215478.9,3
"ORD100568","CUST3316","Book","2025-04-13",2025,2,8,32749.76,261998.08,2
"ORD100569","CUST9510","Chair","2025-03-17",2025,1,10,43251.3,432513.0,6
"ORD100570","CUST9273","Chair","2025-03-08",2025,1,3,47748.45,143245.35,6
"ORD100571","CUST5206","Book","2025-12-22",2025,4,4,16276.94,65107.76,2
"ORD100572","CUST3820","Rice","2025-05-10",2025,2,9,11122.7,100104.3,1
"ORD100573","CUST5791","Shoes","2025-01-09",2025,1,2,39005.27,78010.54,5
"ORD100574","CUST2343","Mobile","2026-01-01",2026,1,6,16346.82,98080.92,3
"ORD100575","CUST6654","Mobile","2025-09-20",2025,3,4,3859.9,15439.6,3
"ORD100576","CUST8820","Laptop","2025-05-16",2025,2,6,49058.94,294353.64,4
"ORD100577","CUST9181","Mobile","2025-06-18",2025,2,7,413.2,2892.4,3
"ORD100578","CUST8098","Shoes","2025-03-09",2025,1,5,21555.12,107775.6,5
"ORD100579","CUST6006","Chair","2025-04-19",2025,2,5,37214.58,186072.9,6
"ORD100580","CUST1094","Mobile","2025-06-20",2025,2,10,21194.59,211945.9,3
"ORD100581","CUST1468","Shoes","2025-07-07",2025,3,8,44971.9,359775.2,5
"ORD100582","CUST6704","Shoes","2025-12-29",2025,4,4,26046.5,104186.0,5
"ORD100583","CUST1936","Mobile","2025-03-07",2025,1,3,43567.37,130702.11,3
"ORD100584","CUST8399","Book","2025-09-24",2025,3,5,19565.23,97826.15,2
"ORD100585","CUST8075","Shoes","2025-02-08",2025,1,5,7642.55,38212.75,5
"ORD100586","CUST8826","Mobile","2025-01-13",2025,1,7,22060.0,154420.0,3
"ORD100587","CUST9700","Laptop","2025-09-04",2025,3,2,20074.3,40148.6,4
"ORD100588","CUST8600","Book","2025-03-20",2025,1,2,5442.06,10884.12,2
"ORD100589","CUST8513","Mobile","2025-12-17",2025,4,6,38159.29,228955.74,3
"ORD100590","CUST8595","Laptop","2025-12-19",2025,4,1,18229.0,18229.0,4
"ORD100591","CUST9489","Book","2025-06-27",2025,2,2,14656.73,29313.46,2
"ORD100592","CUST7226","Mobile","2025-08-08",2025,3,3,1286.36,3859.08,3
"ORD100593","CUST1840","Laptop","2025-01-01",2025,1,2,11893.8,23787.6,4
"ORD100594","CUST9449","Shoes","2025-08-06",2025,3,2,11967.47,23934.94,5
"ORD100595","CUST3537","Chair","2025-04-17",2025,2,4,35411.73,141646.92,6
"ORD100596","CUST4041","Rice","2025-10-12",2025,4,1,15515.24,15515.24,1
"ORD100597","CUST4417","Mobile","2025-05-06",2025,2,9,697.87,6280.83,3
"ORD100598","CUST4099","Shoes","2025-08-04",2025,3,10,20857.23,208572.3,5
"ORD100599","CUST3107","Mobile","2025-03-28",2025,1,8,3595.82,28766.56,3
"ORD100601","CUST9111","Shoes","2025-04-02",2025,2,5,30620.75,153103.75,5
"ORD100602","CUST8813","Laptop","2025-09-05",2025,3,9,38955.26,350597.34,4
"ORD100603","CUST7221","Laptop","2025-08-04",2025,3,2,7534.68,15069.36,4
"ORD100604","CUST5899","Laptop","2025-07-28",2025,3,4,5789.5,23158.0,4
"ORD100605","CUST4483","Book","2025-07-27",2025,3,8,46278.59,370228.72,2
"ORD100606","CUST4438","Chair","2025-02-20",2025,1,2,14770.13,29540.26,6
"ORD100607","CUST9123","Rice","2025-10-21",2025,4,6,45095.75,270574.5,1
"ORD100608","CUST2364","Rice","2025-07-22",2025,3,8,10393.69,83149.52,1
"ORD100609","CUST6314","Rice","2025-02-20",2025,1,4,38952.78,155811.12,1
"ORD100610","CUST8128","Laptop","2025-11-23",2025,4,5,3414.17,17070.85,4
"ORD100611","CUST8583","Laptop","2025-12-21",2025,4,7,5129.02,35903.14,4
"ORD100612","CUST4488","Mobile","2025-04-09",2025,2,3,15846.45,47539.35,3
"ORD100613","CUST5178","Book","2025-06-01",2025,2,4,27448.01,109792.04,2
"ORD100614","CUST9217","Book","2025-05-06",2025,2,4,5518.35,22073.4,2
"ORD100615","CUST4150","Book","2025-03-26",2025,1,9,39988.02,359892.18,2
"ORD100616","CUST3751","Shoes","2025-12-10",2025,4,3,23079.96,69239.88,5
"ORD100617","CUST1991","Book","2025-06-04",2025,2,9,14044.67,126402.03,2
"ORD100618","CUST8124","Shoes","2025-07-14",2025,3,2,43693.36,87386.72,5
"ORD100619","CUST6678","Rice","2025-12-17",2025,4,2,14181.47,28362.94,1
"ORD100620","CUST8268","Shoes","2025-10-11",2025,4,4,28783.13,115132.52,5
"ORD100621","CUST1835","Chair","2025-12-25",2025,4,2,32432.65,64865.3,6
"ORD100622","CUST3497","Laptop","2025-05-11",2025,2,4,29976.58,119906.32,4
"ORD100623","CUST1452","Shoes","2025-02-13",2025,1,7,38029.64,266207.48,5
"ORD100624","CUST7416","Rice","2025-06-21",2025,2,10,48255.19,482551.9,1
"ORD100625","CUST4137","Laptop","2025-06-19",2025,2,9,27971.17,251740.53,4
"ORD100626","CUST8649","Rice","2025-11-26",2025,4,9,46756.46,420808.14,1
"ORD100627","CUST7361","Laptop","2025-02-02",2025,1,3,47466.18,142398.54,4
"ORD100628","CUST9567","Shoes","2025-06-13",2025,2,1,33193.9,33193.9,5
"ORD100629","CUST6432","Book","2025-05-16",2025,2,1,46021.88,46021.88,2
"ORD100630","CUST4934","Rice","2025-03-12",2025,1,7,45512.65,318588.55,1
"ORD100631","CUST6845","Chair","2025-09-04",2025,3,9,46924.58,422321.22,6
"ORD100632","CUST1252","Shoes","2025-03-02",2025,1,3,37343.19,112029.57,5
"ORD100633","CUST1994","Chair","2025-07-20",2025,3,10,14175.96,141759.6,6
"ORD100634","CUST9488","Shoes","2025-03-13",2025,1,8,7259.89,58079.12,5
"ORD100635","CUST9421","Chair","2025-11-20",2025,4,3,257.28,771.84,6
"ORD100636","CUST4810","Shoes","2025-05-10",2025,2,4,24291.82,97167.28,5
"ORD100637","CUST1106","Rice","2025-03-10",2025,1,2,25919.18,51838.36,1
"ORD100638","CUST9693","Rice","2025-03-27",2025,1,4,24382.42,97529.68,1
"ORD100639","CUST3004","Shoes","2025-05-08",2025,2,1,3971.35,3971.35,5
"ORD100640","CUST6421","Laptop","2025-10-13",2025,4,5,7739.33,38696.65,4
"ORD100641","CUST6345","Book","2025-06-14",2025,2,1,34302.92,34302.92,2
"ORD100642","CUST9384","Rice","2025-10-19",2025,4,1,20626.25,20626.25,1
"ORD100643","CUST9081","Laptop","2025-05-12",2025,2,9,39545.61,355910.49,4
"ORD100644","CUST6589","Chair","2025-09-18",2025,3,3,23490.33,70470.99,6
"ORD100645","CUST7844","Chair","2025-05-04",2025,2,6,22343.44,134060.64,6
"ORD100646","CUST4673","Shoes","2025-08-29",2025,3,5,16279.37,81396.85,5
"ORD100647","CUST7504","Laptop","2025-12-14",2025,4,4,26566.32,106265.28,4
"ORD100648","CUST6921","Mobile","2025-09-09",2025,3,6,1867.81,11206.86,3
"ORD100649","CUST4109","Rice","2025-01-06",2025,1,10,22106.78,221067.8,1
"ORD100650","CUST2181","Rice","2025-09-22",2025,3,3,7467.04,22401.12,1
"ORD100651","CUST8708","Laptop","2025-01-31",2025,1,7,27547.81,192834.67,4
"ORD100652","CUST7219","Book","2025-02-03",2025,1,10,22952.77,229527.7,2
"ORD100653","CUST5516","Rice","2025-04-21",2025,2,6,35222.23,211333.38,1
"ORD100654","CUST9562","Chair","2025-02-23",2025,1,8,16240.66,129925.28,6
"ORD100655","CUST8347","Book","2025-08-01",2025,3,1,12255.87,12255.87,2
"ORD100656","CUST3567","Chair","2025-07-09",2025,3,7,42941.88,300593.16,6
"ORD100657","CUST8110","Laptop","2025-12-01",2025,4,10,10307.48,103074.8,4
"ORD100658","CUST4584","Shoes","2025-10-14",2025,4,10,46270.13,462701.3,5
"ORD100659","CUST4537","Book","2025-09-02",2025,3,5,33524.03,167620.15,2
"ORD100660","CUST5154","Book","2025-01-13",2025,1,2,38065.84,76131.68,2
"ORD100661","CUST9614","Shoes","2025-09-13",2025,3,10,8465.62,84656.2,5
"ORD100662","CUST8300","Rice","2025-09-17",2025,3,9,1610.18,14491.62,1
"ORD100663","CUST1673","Rice","2025-07-20",2025,3,5,35120.83,175604.15,1
"ORD100664","CUST7016","Chair","2025-07-07",2025,3,6,30775.74,184654.44,6
"ORD100665","CUST2672","Laptop","2025-07-04",2025,3,4,47796.53,191186.12,4
"ORD100666","CUST3237","Rice","2025-12-15",2025,4,7,38583.88,270087.16,1
"ORD100667","CUST2794","Laptop","2025-03-02",2025,1,6,38368.41,230210.46,4
"ORD100668","CUST6684","Chair","2025-03-22",2025,1,4,48299.85,193199.4,6
"ORD100669","CUST3321","Laptop","2025-07-12",2025,3,9,6889.29,62003.61,4
"ORD100670","CUST2904","Shoes","2025-08-13",2025,3,10,41268.06,412680.6,5
"ORD100671","CUST1681","Shoes","2025-07-16",2025,3,5,28065.77,140328.85,5
"ORD100672","CUST7863","Chair","2025-12-22",2025,4,8,25269.25,202154.0,6
"ORD100673","CUST2218","Chair","2025-05-26",2025,2,2,31615.64,63231.28,6
"ORD100674","CUST6288","Mobile","2025-01-16",2025,1,1,17212.99,17212.99,3
"ORD100675","CUST8502","Laptop","2025-11-20",2025,4,1,14756.18,14756.18,4
"ORD100676","CUST1433","Shoes","2025-12-04",2025,4,5,21694.12,108470.6,5
"ORD100677","CUST4997","Book","2025-07-21",2025,3,8,5632.88,45063.04,2
"ORD100678","CUST2827","Book","2025-08-01",2025,3,5,16961.15,84805.75,2
"ORD100679","CUST4559","Mobile","2025-05-30",2025,2,3,17500.41,52501.23,3
"ORD100680","CUST7093","Chair","2025-07-04",2025,3,5,47401.02,237005.1,6
"ORD100681","CUST8364","Mobile","2025-07-07",2025,3,7,12194.92,85364.44,3
"ORD100682","CUST3285","Mobile","2025-06-03",2025,2,8,49052.97,392423.76,3
"ORD100683","CUST1104","Book","2025-04-02",2025,2,4,22686.59,90746.36,2
"ORD100684","CUST5155","Laptop","2025-02-08",2025,1,5,34508.6,172543.0,4
"ORD100685","CUST6082","Laptop","2025-10-24",2025,4,7,21599.35,151195.45,4
"ORD100686","CUST3966","Chair","2025-12-06",2025,4,4,30019.56,120078.24,6
"ORD100687","CUST2093","Laptop","2025-04-29",2025,2,5,24358.21,121791.05,4
"ORD100688","CUST9957","Chair","2025-12-31",2025,4,6,16639.76,99838.56,6
"ORD100689","CUST3682","Book","2025-11-13",2025,4,3,48276.39,144829.17,2
"ORD100690","CUST4110","Rice","2025-02-07",2025,1,9,40069.01,360621.09,1
"ORD100691","CUST2597","Mobile","2025-08-03",2025,3,9,31937.15,287434.35,3
"ORD100692","CUST8390","Laptop","2025-02-22",2025,1,7,40754.69,285282.83,4
"ORD100693","CUST4270","Book","2025-12-09",2025,4,10,45877.49,458774.9,2
"ORD100694","CUST3138","Rice","2025-06-22",2025,2,5,20994.21,104971.05,1
"ORD100695","CUST4602","Chair","2025-11-30",2025,4,2,3215.11,6430.22,6
"ORD100696","CUST7631","Shoes","2025-11-11",2025,4,4,26936.34,107745.36,5
"ORD100697","CUST8708","Laptop","2025-04-18",2025,2,9,29470.1,265230.9,4
"ORD100698","CUST7317","Book","2025-03-04",2025,1,4,31076.31,124305.24,2
"ORD100699","CUST2644","Chair","2025-07-06",2025,3,4,43864.35,175457.4,6
"ORD100700","CUST9674","Mobile","2025-05-20",2025,2,9,11808.33,106274.97,3
"ORD100701","CUST3078","Rice","2025-09-01",2025,3,2,38128.32,76256.64,1
"ORD100702","CUST8962","Book","2025-07-31",2025,3,9,28222.97,254006.73,2
"ORD100703","CUST7236","Book","2025-01-18",2025,1,6,21720.56,130323.36,2
"ORD100704","CUST4420","Chair","2025-08-18",2025,3,3,4568.61,13705.83,6
"ORD100705","CUST6621","Book","2025-05-14",2025,2,3,11492.49,34477.47,2
"ORD100706","CUST8532","Chair","2025-05-05",2025,2,3,23252.08,69756.24,6
"ORD100707","CUST6658","Book","2025-11-19",2025,4,9,31686.77,285180.93,2
"ORD100708","CUST4742","Laptop","2025-10-06",2025,4,2,37278.21,74556.42,4
"ORD100709","CUST2744","Laptop","2025-04-23",2025,2,6,12680.8,76084.8,4
"ORD100710","CUST6870","Rice","2025-05-24",2025,2,4,17704.67,70818.68,1
"ORD100711","CUST1175","Shoes","2025-01-07",2025,1,5,22734.66,113673.3,5
"ORD100712","CUST3745","Laptop","2025-09-04",2025,3,6,36277.76,217666.56,4
"ORD100713","CUST6638","Shoes","2025-12-14",2025,4,6,27885.58,167313.48,5
"ORD100714","CUST4037","Mobile","2025-05-05",2025,2,10,47079.86,470798.6,3
"ORD100715","CUST8877","Book","2025-01-06",2025,1,2,30201.81,60403.62,2
"ORD100716","CUST6096","Shoes","2025-02-08",2025,1,6,32890.28,197341.68,5
"ORD100717","CUST7371","Mobile","2025-02-24",2025,1,1,39342.98,39342.98,3
"ORD100718","CUST4532","Shoes","2025-02-27",2025,1,5,42114.22,210571.1,5
"ORD100719","CUST6697","Chair","2025-09-13",2025,3,5,15011.99,75059.95,6
"ORD100721","CUST7615","Rice","2025-09-14",2025,3,6,27168.79,163012.74,1
"ORD100722","CUST8431","Rice","2025-08-13",2025,3,7,31567.62,220973.34,1
"ORD100723","CUST8657","Laptop","2025-11-28",2025,4,10,44401.64,444016.4,4
"ORD100724","CUST6762","Rice","2025-01-28",2025,1,2,5467.01,10934.02,1
"ORD100725","CUST5477","Laptop","2025-10-10",2025,4,7,40635.52,284448.64,4
"ORD100726","CUST8338","Shoes","2025-07-06",2025,3,7,26916.23,188413.61,5
"ORD100727","CUST3850","Chair","2025-09-29",2025,3,5,24409.5,122047.5,6
"ORD100728","CUST8017","Chair","2025-10-11",2025,4,10,19600.31,196003.1,6
"ORD100729","CUST5295","Book","2025-07-30",2025,3,3,40119.65,120358.95,2
"ORD100730","CUST4553","Chair","2025-01-05",2025,1,5,33187.56,165937.8,6
"ORD100731","CUST1269","Book","2025-06-30",2025,2,3,26807.04,80421.12,2
"ORD100732","CUST6578","Shoes","2025-01-09",2025,1,1,19202.88,19202.88,5
"ORD100733","CUST2832","Chair","2025-02-13",2025,1,6,27085.46,162512.76,6
"ORD100734","CUST8314","Chair","2025-03-07",2025,1,3,24462.54,73387.62,6
"ORD100735","CUST7026","Rice","2025-01-27",2025,1,6,25359.39,152156.34,1
"ORD100736","CUST2793","Mobile","2025-09-23",2025,3,6,19210.66,115263.96,3
"ORD100737","CUST7522","Rice","2025-02-27",2025,1,5,414.13,2070.65,1
"ORD100738","CUST1987","Laptop","2025-12-29",2025,4,6,9761.46,58568.76,4
"ORD100739","CUST9414","Rice","2025-12-17",2025,4,4,19284.6,77138.4,1
"ORD100740","CUST2589","Laptop","2025-07-13",2025,3,4,21098.23,84392.92,4
"ORD100741","CUST8851","Chair","2025-09-30",2025,3,2,1876.89,3753.78,6
"ORD100742","CUST4103","Rice","2025-10-31",2025,4,7,9084.03,63588.21,1
"ORD100743","CUST2138","Rice","2025-03-09",2025,1,3,45959.58,137878.74,1
"ORD100744","CUST9645","Chair","2025-09-11",2025,3,8,8692.39,69539.12,6
"ORD100745","CUST5624","Laptop","2025-11-27",2025,4,7,45703.28,319922.96,4
"ORD100746","CUST9518","Mobile","2025-11-13",2025,4,4,30973.53,123894.12,3
"ORD100747","CUST9339","Chair","2025-01-04",2025,1,5,49147.41,245737.05,6
"ORD100748","CUST9465","Laptop","2025-04-22",2025,2,10,17533.55,175335.5,4
"ORD100749","CUST6348","Laptop","2025-04-23",2025,2,5,18457.22,92286.1,4
"ORD100750","CUST3730","Chair","2025-07-18",2025,3,10,43808.06,438080.6,6
"ORD100751","CUST8058","Book","2025-01-11",2025,1,6,24375.93,146255.58,2
"ORD100752","CUST2921","Shoes","2025-03-12",2025,1,4,34969.02,139876.08,5
"ORD100753","CUST9650","Book","2025-09-19",2025,3,1,17299.04,17299.04,2
"ORD100754","CUST2604","Mobile","2025-01-24",2025,1,5,10274.45,51372.25,3
"ORD100755","CUST9651","Book","2025-11-19",2025,4,10,24270.17,242701.7,2
"ORD100756","CUST1637","Rice","2025-12-20",2025,4,10,2066.93,20669.3,1
"ORD100757","CUST9515","Chair","2025-05-08",2025,2,10,13304.47,133044.7,6
"ORD100758","CUST7173","Mobile","2025-11-02",2025,4,5,9442.5,47212.5,3
"ORD100759","CUST6279","Mobile","2025-06-04",2025,2,10,25698.62,256986.2,3
"ORD100760","CUST2867","Shoes","2025-12-27",2025,4,8,32219.95,257759.6,5
"ORD100761","CUST3851","Laptop","2025-10-02",2025,4,2,14931.2,29862.4,4
"ORD100762","CUST8729","Chair","2025-12-07",2025,4,4,40783.14,163132.56,6
"ORD100763","CUST3580","Laptop","2025-05-01",2025,2,5,17824.96,89124.8,4
"ORD100764","CUST4706","Laptop","2025-10-13",2025,4,10,49217.41,492174.1,4
"ORD100765","CUST8834","Rice","2025-07-05",2025,3,2,36631.23,73262.46,1
"ORD100766","CUST6815","Chair","2025-06-24",2025,2,3,5550.25,16650.75,6
"ORD100767","CUST1790","Mobile","2025-03-31",2025,1,1,12225.22,12225.22,3
"ORD100768","CUST9952","Mobile","2025-05-09",2025,2,10,19819.95,198199.5,3
"ORD100769","CUST7600","Laptop","2025-10-10",2025,4,1,42736.43,42736.43,4
"ORD100770","CUST9628","Chair","2025-01-08",2025,1,2,36426.05,72852.1,6
"ORD100771","CUST5415","Shoes","2025-10-31",2025,4,1,12121.61,12121.61,5
"ORD100772","CUST6752","Rice","2025-10-16",2025,4,5,11824.36,59121.8,1
"ORD100773","CUST7110","Mobile","2025-04-24",2025,2,4,988.45,3953.8,3
"ORD100774","CUST5240","Mobile","2025-10-06",2025,4,7,13263.83,92846.81,3
"ORD100775","CUST5505","Book","2025-01-10",2025,1,6,35023.55,210141.3,2
"ORD100776","CUST6116","Chair","2025-07-09",2025,3,10,8630.9,86309.0,6
"ORD100777","CUST3566","Mobile","2025-02-16",2025,1,6,29757.58,178545.48,3
"ORD100778","CUST3763","Chair","2025-12-04",2025,4,2,45538.2,91076.4,6
"ORD100779","CUST3948","Chair","2025-04-18",2025,2,6,19454.75,116728.5,6
"ORD100780","CUST2369","Chair","2025-07-29",2025,3,3,21435.84,64307.52,6
"ORD100781","CUST3542","Laptop","2025-02-21",2025,1,1,47618.43,47618.43,4
"ORD100782","CUST7724","Book","2025-12-23",2025,4,4,25110.56,100442.24,2
"ORD100783","CUST5419","Book","2025-09-20",2025,3,9,797.71,7179.39,2
"ORD100784","CUST6571","Chair","2025-12-11",2025,4,3,25235.41,75706.23,6
"ORD100785","CUST7650","Book","2025-01-18",2025,1,8,43467.0,347736.0,2
"ORD100786","CUST7445","Shoes","2025-10-14",2025,4,9,35691.39,321222.51,5
"ORD100787","CUST6565","Book","2025-06-22",2025,2,6,28107.77,168646.62,2
"ORD100788","CUST2969","Rice","2025-05-04",2025,2,6,39662.1,237972.6,1
"ORD100789","CUST3298","Rice","2025-07-13",2025,3,5,14533.4,72667.0,1
"ORD100790","CUST3260","Book","2025-12-28",2025,4,9,12322.26,110900.34,2
"ORD100791","CUST9962","Chair","2025-09-03",2025,3,10,18178.32,181783.2,6
"ORD100792","CUST6814","Shoes","2025-05-21",2025,2,9,6282.93,56546.37,5
"ORD100793","CUST2859","Rice","2025-12-11",2025,4,4,40391.3,161565.2,1
"ORD100794","CUST7228","Shoes","2025-05-24",2025,2,3,39157.52,117472.56,5
"ORD100795","CUST2551","Book","2025-01-30",2025,1,5,12334.78,61673.9,2
"ORD100796","CUST6845","Shoes","2026-01-01",2026,1,9,38573.17,347158.53,5
"ORD100797","CUST5806","Book","2025-07-22",2025,3,6,18842.34,113054.04,2
"ORD100798","CUST5718","Shoes","2025-07-01",2025,3,4,20118.35,80473.4,5
"ORD100799","CUST8242","Rice","2025-11-07",2025,4,6,39243.45,235460.7,1
"ORD100800","CUST1618","Rice","2025-09-27",2025,3,10,15891.66,158916.6,1
"ORD100801","CUST3297","Mobile","2025-05-10",2025,2,1,40350.67,40350.67,3
"ORD100802","CUST4901","Rice","2025-11-14",2025,4,1,47545.23,47545.23,1
"ORD100803","CUST3189","Book","2025-10-11",2025,4,4,17304.91,69219.64,2
"ORD100804","CUST3690","Book","2025-12-11",2025,4,6,17079.99,102479.94,2
"ORD100805","CUST7876","Shoes","2025-05-22",2025,2,9,44772.96,402956.64,5
"ORD100806","CUST9089","Shoes","2025-03-02",2025,1,10,32483.32,324833.2,5
"ORD100807","CUST6442","Chair","2025-10-05",2025,4,9,47699.69,429297.21,6
"ORD100808","CUST9514","Chair","2025-06-20",2025,2,2,23127.63,46255.26,6
"ORD100809","CUST7903","Shoes","2025-06-02",2025,2,6,16882.56,101295.36,5
"ORD100810","CUST1658","Rice","2025-06-04",2025,2,6,32296.32,193777.92,1
"ORD100811","CUST6719","Book","2025-01-04",2025,1,3,15090.15,45270.45,2
"ORD100812","CUST4941","Chair","2025-01-31",2025,1,2,30197.53,60395.06,6
"ORD100813","CUST5851","Mobile","2025-05-14",2025,2,2,41544.45,83088.9,3
"ORD100814","CUST1149","Laptop","2025-09-17",2025,3,8,42593.69,340749.52,4
"ORD100815","CUST6336","Mobile","2025-09-08",2025,3,1,26771.99,26771.99,3
"ORD100816","CUST1960","Rice","2025-06-04",2025,2,9,31690.41,285213.69,1
"ORD100817","CUST6933","Rice","2025-03-29",2025,1,6,20913.85,125483.1,1
"ORD100818","CUST3006","Chair","2025-07-05",2025,3,7,36034.1,252238.7,6
"ORD100819","CUST8754","Mobile","2025-12-09",2025,4,8,21646.64,173173.12,3
"ORD100820","CUST9458","Laptop","2025-01-09",2025,1,1,21553.66,21553.66,4
"ORD100821","CUST4979","Book","2025-06-16",2025,2,3,17152.2,51456.6,2
"ORD100822","CUST6340","Rice","2025-09-15",2025,3,1,21368.29,21368.29,1
"ORD100823","CUST7814","Shoes","2025-07-21",2025,3,7,47413.32,331893.24,5
"ORD100824","CUST8199","Chair","2025-03-30",2025,1,4,2716.24,10864.96,6
"ORD100825","CUST9718","Laptop","2025-07-13",2025,3,2,45863.13,91726.26,4
"ORD100826","CUST7065","Shoes","2025-04-05",2025,2,5,48228.96,241144.8,5
"ORD100827","CUST6162","Laptop","2025-06-19",2025,2,1,31849.44,31849.44,4
"ORD100828","CUST6944","Book","2025-11-03",2025,4,4,8685.69,34742.76,2
"ORD100829","CUST8319","Rice","2025-02-27",2025,1,2,49685.64,99371.28,1
"ORD100830","CUST6540","Shoes","2025-04-10",2025,2,8,10921.12,87368.96,5
"ORD100831","CUST8453","Laptop","2025-01-09",2025,1,3,33896.35,101689.05,4
"ORD100832","CUST5605","Shoes","2025-08-16",2025,3,4,31512.79,126051.16,5
"ORD100833","CUST8704","Mobile","2025-11-05",2025,4,6,17944.07,107664.42,3
"ORD100834","CUST3264","Mobile","2025-12-03",2025,4,3,14145.7,42437.1,3
"ORD100835","CUST9364","Book","2025-03-21",2025,1,3,33186.38,99559.14,2
"ORD100836","CUST3366","Mobile","2025-06-10",2025,2,5,24537.11,122685.55,3
"ORD100837","CUST6067","Mobile","2025-09-05",2025,3,4,7989.47,31957.88,3
"ORD100838","CUST5389","Shoes","2025-11-27",2025,4,6,9784.56,58707.36,5
"ORD100839","CUST8766","Laptop","2025-05-12",2025,2,5,47021.1,235105.5,4
"ORD100841","CUST7544","Book","2025-04-16",2025,2,10,35093.39,350933.9,2
"ORD100842","CUST8217","Book","2025-11-06",2025,4,3,22843.06,68529.18,2
"ORD100843","CUST6780","Book","2025-06-05",2025,2,7,38502.79,269519.53,2
"ORD100844","CUST9804","Mobile","2025-08-22",2025,3,5,45283.42,226417.1,3
"ORD100845","CUST5876","Mobile","2025-11-07",2025,4,6,37149.97,222899.82,3
"ORD100846","CUST1026","Book","2025-09-29",2025,3,7,23566.47,164965.29,2
"ORD100847","CUST5432","Shoes","2025-11-08",2025,4,10,1557.12,15571.2,5
"ORD100848","CUST8575","Book","2025-03-28",2025,1,1,38929.37,38929.37,2
"ORD100849","CUST5455","Chair","2025-03-17",2025,1,2,43357.83,86715.66,6
"ORD100850","CUST2834","Rice","2025-04-12",2025,2,9,30091.26,270821.34,1
"ORD100851","CUST4431","Chair","2025-06-29",2025,2,10,3051.95,30519.5,6
"ORD100852","CUST3744","Shoes","2025-06-01",2025,2,3,31063.57,93190.71,5
"ORD100853","CUST1962","Rice","2025-03-17",2025,1,10,5580.23,55802.3,1
"ORD100854","CUST7787","Book","2025-06-25",2025,2,8,35859.94,286879.52,2
"ORD100855","CUST3679","Shoes","2025-05-19",2025,2,5,47893.0,239465.0,5
"ORD100856","CUST8455","Shoes","2025-05-26",2025,2,2,47996.02,95992.04,5
"ORD100857","CUST4973","Shoes","2025-09-18",2025,3,1,42500.65,42500.65,5
"ORD100858","CUST7578","Rice","2025-12-20",2025,4,8,7543.31,60346.48,1
"ORD100859","CUST9287","Book","2025-07-28",2025,3,4,7779.34,31117.36,2
"ORD100860","CUST3430","Mobile","2025-07-10",2025,3,6,35959.07,215754.42,3
"ORD100861","CUST9817","Mobile","2025-10-15",2025,4,7,9471.49,66300.43,3
"ORD100862","CUST7072","Shoes","2025-09-28",2025,3,8,26327.39,210619.12,5
"ORD100863","CUST9510","Chair","2025-05-10",2025,2,9,48313.36,434820.24,6
"ORD100864","CUST3327","Laptop","2025-11-20",2025,4,2,45217.92,90435.84,4
"ORD100865","CUST2202","Chair","2025-07-20",2025,3,2,40130.21,80260.42,6
"ORD100866","CUST3767","Chair","2025-12-23",2025,4,7,283.1,1981.7,6
"ORD100867","CUST4947","Chair","2025-01-09",2025,1,5,7521.13,37605.65,6
"ORD100868","CUST4888","Shoes","2025-06-14",2025,2,5,8055.03,40275.15,5
"ORD100869","CUST4996","Book","2025-12-21",2025,4,4,28263.33,113053.32,2
"ORD100870","CUST4112","Shoes","2025-09-12",2025,3,4,12941.53,51766.12,5
"ORD100871","CUST1442","Book","2025-03-16",2025,1,1,27918.98,27918.98,2
"ORD100872","CUST2757","Mobile","2025-12-23",2025,4,3,21349.35,64048.05,3
"ORD100873","CUST5319","Mobile","2025-11-18",2025,4,5,27648.52,138242.6,3
"ORD100874","CUST4391","Mobile","2025-12-12",2025,4,5,39484.31,197421.55,3
"ORD100875","CUST7317","Chair","2025-10-12",2025,4,6,2417.66,14505.96,6
"ORD100876","CUST7473","Rice","2025-11-30",2025,4,5,40104.71,200523.55,1
"ORD100877","CUST9104","Book","2025-12-19",2025,4,4,22929.61,91718.44,2
"ORD100878","CUST7091","Rice","2025-11-25",2025,4,10,23757.31,237573.1,1
"ORD100879","CUST1258","Laptop","2025-05-18",2025,2,7,6769.87,47389.09,4
"ORD100880","CUST1691","Mobile","2025-10-08",2025,4,2,7104.93,14209.86,3
"ORD100881","CUST9404","Book","2025-06-27",2025,2,2,35430.53,70861.06,2
"ORD100882","CUST6532","Rice","2025-08-22",2025,3,8,44811.59,358492.72,1
"ORD100883","CUST1779","Shoes","2025-06-03",2025,2,10,16661.37,166613.7,5
"ORD100884","CUST4651","Mobile","2025-03-07",2025,1,7,14207.04,99449.28,3
"ORD100885","CUST9027","Shoes","2025-05-07",2025,2,8,3220.99,25767.92,5
"ORD100886","CUST1396","Chair","2025-08-12",2025,3,1,21572.48,21572.48,6
"ORD100887","CUST9132","Rice","2025-01-15",2025,1,8,38808.88,310471.04,1
"ORD100888","CUST4926","Book","2025-11-26",2025,4,2,6525.25,13050.5,2
"ORD100889","CUST3987","Rice","2025-03-25",2025,1,9,36721.83,330496.47,1
"ORD100890","CUST5136","Rice","2025-08-30",2025,3,1,16506.48,16506.48,1
"ORD100891","CUST8849","Book","2025-02-11",2025,1,4,45273.26,181093.04,2
"ORD100892","CUST3603","Rice","2025-04-26",2025,2,1,15061.67,15061.67,1
"ORD100893","CUST4073","Shoes","2025-05-18",2025,2,3,30814.91,92444.73,5
"ORD100894","CUST7068","Book","2025-12-01",2025,4,8,36507.56,292060.48,2
"ORD100895","CUST5762","Book","2025-10-20",2025,4,1,31247.14,31247.14,2
"ORD100896","CUST1611","Rice","2025-11-05",2025,4,3,15350.0,46050.0,1
"ORD100897","CUST1806","Chair","2025-06-07",2025,2,9,7148.05,64332.45,6
"ORD100898","CUST4730","Laptop","2025-11-02",2025,4,8,25411.08,203288.64,4
"ORD100899","CUST7164","Shoes","2025-12-15",2025,4,10,28254.51,282545.1,5
"ORD100900","CUST3867","Laptop","2025-04-27",2025,2,5,5069.79,25348.95,4
"ORD100901","CUST6152","Mobile","2025-10-21",2025,4,3,39619.15,118857.45,3
"ORD100902","CUST6881","Laptop","2025-11-19",2025,4,7,42494.73,297463.11,4
"ORD100903","CUST3438","Shoes","2025-11-12",2025,4,6,24739.29,148435.74,5
"ORD100904","CUST1890","Chair","2025-03-25",2025,1,3,43166.95,129500.85,6
"ORD100905","CUST9994","Chair","2025-01-11",2025,1,6,43613.07,261678.42,6
"ORD100906","CUST1906","Chair","2025-12-01",2025,4,2,20357.35,40714.7,6
"ORD100907","CUST4977","Chair","2025-01-19",2025,1,5,40193.89,200969.45,6
"ORD100908","CUST6241","Chair","2025-02-14",2025,1,2,9063.83,18127.66,6
"ORD100909","CUST1759","Laptop","2025-08-13",2025,3,5,21830.06,109150.3,4
"ORD100910","CUST4515","Rice","2025-07-28",2025,3,2,39424.04,78848.08,1
"ORD100911","CUST6309","Rice","2025-06-06",2025,2,2,30743.1,61486.2,1
"ORD100912","CUST2384","Laptop","2025-02-10",2025,1,3,10131.58,30394.74,4
"ORD100913","CUST5025","Book","2025-05-04",2025,2,1,20875.52,20875.52,2
"ORD100914","CUST5363","Shoes","2025-07-28",2025,3,3,43152.69,129458.07,5
"ORD100915","CUST1753","Shoes","2025-05-21",2025,2,1,3239.94,3239.94,5
"ORD100916","CUST7186","Shoes","2025-02-27",2025,1,1,10625.65,10625.65,5
"ORD100917","CUST2804","Mobile","2025-04-03",2025,2,3,30169.38,90508.14,3
"ORD100918","CUST1997","Mobile","2025-11-06",2025,4,2,29914.46,59828.92,3
"ORD100919","CUST7609","Shoes","2025-11-19",2025,4,5,30991.63,154958.15,5
"ORD100920","CUST7026","Mobile","2025-12-08",2025,4,7,15799.46,110596.22,3
"ORD100921","CUST6414","Mobile","2025-05-06",2025,2,6,10404.98,62429.88,3
"ORD100922","CUST3652","Book","2025-10-19",2025,4,1,21496.95,21496.95,2
"ORD100923","CUST4106","Rice","2025-10-08",2025,4,7,42785.56,299498.92,1
"ORD100924","CUST7933","Rice","2025-11-13",2025,4,10,9123.6,91236.0,1
"ORD100925","CUST9299","Mobile","2025-06-10",2025,2,6,35834.15,215004.9,3
"ORD100926","CUST5160","Book","2025-12-24",2025,4,3,653.97,1961.91,2
"ORD100927","CUST2260","Mobile","2025-01-31",2025,1,3,3846.65,11539.95,3
"ORD100928","CUST7676","Rice","2025-08-03",2025,3,10,40522.56,405225.6,1
"ORD100929","CUST7405","Shoes","2025-08-29",2025,3,4,39917.24,159668.96,5
"ORD100930","CUST4565","Rice","2025-12-07",2025,4,1,23886.69,23886.69,1
"ORD100931","CUST6319","Shoes","2025-01-18",2025,1,1,46629.03,46629.03,5
"ORD100932","CUST4077","Laptop","2025-08-04",2025,3,4,27478.45,109913.8,4
"ORD100933","CUST8537","Laptop","2025-01-21",2025,1,8,4925.05,39400.4,4
"ORD100934","CUST6407","Shoes","2025-04-02",2025,2,8,35023.64,280189.12,5
"ORD100935","CUST2025","Chair","2025-11-01",2025,4,2,49387.2,98774.4,6
"ORD100936","CUST1122","Rice","2025-11-10",2025,4,4,30607.95,122431.8,1
"ORD100937","CUST1997","Chair","2025-10-22",2025,4,10,7627.77,76277.7,6
"ORD100938","CUST9287","Shoes","2025-09-28",2025,3,3,44146.06,132438.18,5
"ORD100939","CUST5413","Laptop","2025-12-13",2025,4,7,31015.64,217109.48,4
"ORD100940","CUST8466","Laptop","2025-08-22",2025,3,1,47743.08,47743.08,4
"ORD100941","CUST9493","Laptop","2025-06-11",2025,2,10,12754.35,127543.5,4
"ORD100942","CUST3576","Laptop","2025-04-02",2025,2,7,45883.95,321187.65,4
"ORD100943","CUST2586","Laptop","2025-07-27",2025,3,5,16990.85,84954.25,4
"ORD100944","CUST3499","Chair","2025-07-13",2025,3,2,20191.53,40383.06,6
"ORD100945","CUST7718","Mobile","2025-08-12",2025,3,8,46866.95,374935.6,3
"ORD100946","CUST3330","Mobile","2025-06-28",2025,2,8,20319.29,162554.32,3
"ORD100947","CUST9113","Book","2025-08-04",2025,3,6,31857.18,191143.08,2
"ORD100948","CUST1004","Mobile","2025-02-24",2025,1,2,4160.77,8321.54,3
"ORD100949","CUST8381","Book","2025-05-17",2025,2,10,47314.42,473144.2,2
"ORD100950","CUST6316","Laptop","2025-11-01",2025,4,9,34569.56,311126.04,4
"ORD100951","CUST2403","Mobile","2025-05-17",2025,2,8,29747.29,237978.32,3
"ORD100952","CUST1357","Shoes","2025-02-13",2025,1,8,24450.18,195601.44,5
"ORD100953","CUST4337","Mobile","2025-04-16",2025,2,4,13994.12,55976.48,3
"ORD100954","CUST9175","Shoes","2025-08-11",2025,3,9,23583.66,212252.94,5
"ORD100955","CUST7177","Shoes","2025-06-16",2025,2,3,25138.65,75415.95,5
"ORD100956","CUST9009","Mobile","2025-12-10",2025,4,3,25618.42,76855.26,3
"ORD100957","CUST8996","Shoes","2025-03-07",2025,1,3,42044.69,126134.07,5
"ORD100958","CUST3759","Rice","2025-04-10",2025,2,9,33475.97,301283.73,1
"ORD100959","CUST9966","Rice","2025-01-09",2025,1,5,29215.06,146075.3,1
"ORD100961","CUST6311","Book","2025-10-31",2025,4,9,33480.07,301320.63,2
"ORD100962","CUST8525","Shoes","2025-04-20",2025,2,10,8532.9,85329.0,5
"ORD100963","CUST9285","Laptop","2025-12-09",2025,4,7,31899.76,223298.32,4
"ORD100964","CUST8387","Chair","2025-12-08",2025,4,5,30847.69,154238.45,6
"ORD100965","CUST5726","Mobile","2025-09-02",2025,3,2,39578.6,79157.2,3
"ORD100966","CUST7238","Mobile","2025-05-13",2025,2,8,35028.53,280228.24,3
"ORD100967","CUST3843","Mobile","2025-07-05",2025,3,6,6287.85,37727.1,3
"ORD100968","CUST7185","Chair","2025-02-15",2025,1,3,32751.77,98255.31,6
"ORD100969","CUST7757","Laptop","2025-07-21",2025,3,9,24421.73,219795.57,4
"ORD100970","CUST1713","Shoes","2025-08-08",2025,3,1,31739.18,31739.18,5
"ORD100971","CUST6987","Rice","2025-02-22",2025,1,1,6976.56,6976.56,1
"ORD100972","CUST5829","Book","2025-09-05",2025,3,4,9989.04,39956.16,2
"ORD100973","CUST2542","Laptop","2025-11-05",2025,4,10,43146.39,431463.9,4
"ORD100974","CUST4869","Laptop","2025-07-28",2025,3,10,48566.78,485667.8,4
"ORD100975","CUST2870","Book","2025-10-15",2025,4,6,6189.16,37134.96,2
"ORD100976","CUST5338","Shoes","2025-05-29",2025,2,3,46910.35,140731.05,5
"ORD100977","CUST5373","Shoes","2025-10-16",2025,4,1,25737.43,25737.43,5
"ORD100978","CUST2256","Shoes","2025-02-20",2025,1,3,38656.45,115969.35,5
"ORD100979","CUST7388","Rice","2025-06-13",2025,2,6,44566.74,267400.44,1
"ORD100980","CUST1159","Laptop","2025-11-22",2025,4,5,16513.54,82567.7,4
"ORD100981","CUST9081","Book","2025-08-03",2025,3,6,5066.44,30398.64,2
"ORD100982","CUST4003","Rice","2025-03-30",2025,1,10,46852.2,468522.0,1
"ORD100983","CUST6511","Shoes","2025-09-03",2025,3,3,18013.26,54039.78,5
"ORD100984","CUST2836","Shoes","2025-11-07",2025,4,4,36188.72,144754.88,5
"ORD100985","CUST3730","Chair","2025-05-19",2025,2,3,33517.79,100553.37,6
"ORD100986","CUST9945","Rice","2025-03-27",2025,1,1,3375.35,3375.35,1
"ORD100987","CUST1603","Mobile","2025-03-16",2025,1,4,34140.07,136560.28,3
"ORD100988","CUST9871","Mobile","2025-12-16",2025,4,2,17345.15,34690.3,3
"ORD100989","CUST2418","Chair","2025-10-18",2025,4,2,46527.93,93055.86,6
"ORD100990","CUST2126","Rice","2025-04-14",2025,2,1,21819.5,21819.5,1
"ORD100991","CUST1284","Mobile","2025-02-28",2025,1,4,26365.27,105461.08,3
"ORD100992","CUST6389","Chair","2025-08-20",2025,3,9,34835.55,313519.95,6
"ORD100993","CUST9381","Book","2025-06-16",2025,2,8,44625.98,357007.84,2
"ORD100994","CUST2967","Chair","2025-07-11",2025,3,5,7279.34,36396.7,6
"ORD100995","CUST9092","Chair","2025-07-30",2025,3,1,37930.19,37930.19,6
"ORD100996","CUST9351","Book","2025-06-12",2025,2,9,44322.64,398903.76,2
"ORD100997","CUST6410","Laptop","2025-11-07",2025,4,9,35405.54,318649.86,4
"ORD100998","CUST7618","Shoes","2025-09-03",2025,3,5,18454.65,92273.25,5
"ORD100999","CUST9544","Laptop","2025-09-30",2025,3,9,12971.59,116744.31,4
"ORD101000","CUST9501","Mobile","2025-02-21",2025,1,9,2879.01,25911.09,3
"ORD101001","CUST2714","Chair","2025-04-23",2025,2,9,22493.87,202444.83,6
